id,target
100863,1
28124,1
8296,1
34493,1
40947,1
63523,1
101977,1
45248,1
113362,1
88702,1
29275,1
59673,1
22862,1
105513,1
110153,1
18887,1
71829,1
75037,1
103058,1
49979,1
79968,1
44578,1
29587,1
55734,1
39518,1
55969,1
33335,1
52205,1
104610,1
74907,1
76769,1
111737,1
24949,1
28398,1
55871,1
40990,1
21212,1
78926,1
108620,1
29399,1
25182,1
89469,1
20795,1
41495,1
20872,1
97371,1
60301,1
96992,1
26714,1
74258,1
28470,1
1986,1
78861,1
19450,1
74993,1
37927,1
55782,1
79025,1
13302,1
16990,1
40541,1
52390,1
55024,1
11379,1
60478,1
14459,1
465,1
69278,1
36573,1
76043,1
88979,1
81432,1
74914,1
87854,1
9059,1
1604,1
6716,1
26821,1
47607,1
74032,1
74275,1
105564,1
75594,1
11298,1
297,1
13718,1
83928,1
109014,1
56964,1
110491,1
100001,1
81138,1
33187,1
57305,1
13891,1
25828,1
79877,1
53493,1
26859,1
71226,1
104259,1
76993,1
2900,1
95017,1
25765,1
21586,1
44261,1
78265,1
104360,1
44596,1
20112,1
72370,1
61993,1
34977,1
82730,1
63272,1
88397,1
10687,1
20086,1
103989,1
96156,1
55050,1
39213,1
9722,1
102794,1
73677,1
61912,1
47113,1
25738,1
45591,1
29916,1
26976,1
62071,1
77211,1
81341,1
7905,1
103972,1
24567,1
59398,1
93510,1
8180,1
55225,1
81477,1
3922,1
60200,1
26747,1
105871,1
41347,1
79419,1
31345,1
17295,1
83565,1
93915,1
38020,1
37452,1
97240,1
14762,1
52728,1
18289,1
77206,1
47057,1
67843,1
92800,1
76462,1
63004,1
111923,1
101339,1
57361,1
58710,1
28051,1
113226,1
63200,1
65833,1
84742,1
69590,1
103746,1
27805,1
87331,1
100943,1
37964,1
7283,1
100772,1
72702,1
48198,1
102292,1
87614,1
11383,1
88496,1
76229,1
47270,1
9872,1
95782,1
95955,1
85245,1
57678,1
99615,1
75389,1
26788,1
99329,1
10869,1
97520,1
33609,1
91590,1
5896,1
23818,1
615,1
54337,1
85717,1
32957,1
18103,1
61119,1
95425,1
60358,1
42293,1
22171,1
38134,1
41821,1
38354,1
108783,1
8769,1
66255,1
55069,1
33132,1
34239,1
27551,1
9840,1
65737,1
81203,1
78217,1
70596,1
36796,1
88597,1
98786,1
105536,1
62430,1
10996,1
16555,1
11233,1
88835,1
91642,1
58460,1
21630,1
82868,1
86869,1
102160,1
7930,1
14479,1
1238,1
45284,1
23316,1
29449,1
55208,1
109458,1
102700,1
29216,1
107420,1
21166,1
110385,1
32502,1
13892,1
54322,1
9916,1
23361,1
40180,1
112275,1
53956,1
51953,1
3352,1
2334,1
36556,1
17389,1
87407,1
110995,1
70266,1
98976,1
47305,1
80885,1
34556,1
90547,1
34223,1
55529,1
105727,1
60546,1
38806,1
81034,1
50815,1
85176,1
7350,1
95777,1
53766,1
84520,1
18564,1
17686,1
91049,1
112159,1
109734,1
111704,1
39152,1
86743,1
59234,1
28123,1
54076,1
18176,1
8623,1
47425,1
68937,1
73915,1
87664,1
99316,1
17720,1
95094,1
60330,1
106560,1
68275,1
74524,1
53257,1
104015,1
99179,1
39113,1
94036,1
99531,1
62552,1
50681,1
9971,1
40087,1
8123,1
74930,1
54354,1
54858,1
81886,1
109656,1
5114,1
3752,1
41874,1
11651,1
56864,1
97310,1
108004,1
102774,1
66317,1
46811,1
78173,1
53394,1
14932,1
93143,1
68800,1
79433,1
74963,1
89556,1
110470,1
80305,1
13012,1
25306,1
49967,1
35628,1
90374,1
96256,1
380,1
75986,1
13749,1
17191,1
92479,1
31326,1
87447,1
30786,1
88547,1
14162,1
46131,1
106562,1
17246,1
82949,1
99292,1
59991,1
95216,1
33916,1
82466,1
23509,1
90292,1
10285,1
8725,1
45658,1
90087,1
54696,1
56208,1
22797,1
78949,1
8527,1
8082,1
6362,1
28934,1
65908,1
42962,1
19715,1
268,1
12310,1
103497,1
83708,1
48883,1
89613,1
74922,1
31035,1
9187,1
108294,1
40762,1
98133,1
56928,1
61835,1
83603,1
67776,1
37087,1
34368,1
47828,1
63578,1
75561,1
51062,1
82461,1
73759,1
31111,1
88692,1
95888,1
6404,1
82380,1
96599,1
6021,1
7384,1
29867,1
4909,1
58714,1
56673,1
64483,1
76932,1
65063,1
70670,1
6363,1
95256,1
70419,1
5692,1
12485,1
1557,1
67290,1
23653,1
40879,1
34700,1
48075,1
53488,1
82007,1
68289,1
36606,1
85461,1
30844,1
102245,1
70130,1
9069,1
84649,1
111598,1
88811,1
90676,1
94774,1
53798,1
12801,1
51424,1
45387,1
16978,1
40353,1
11176,1
50223,1
71429,1
41988,1
2574,1
107856,1
16736,1
39104,1
61774,1
86937,1
93960,1
72595,1
63303,1
64016,1
59083,1
28992,1
106954,1
43952,1
4851,1
105067,1
44465,1
30064,1
70461,1
94442,1
90969,1
36171,1
33119,1
45005,1
13882,1
94700,1
37202,1
20293,1
23841,1
59233,1
61353,1
70434,1
64952,1
43646,1
89220,1
97950,1
4812,1
95475,1
33726,1
71316,1
67418,1
98772,1
104598,1
29567,1
484,1
84627,1
21196,1
9939,1
8265,1
97560,1
7689,1
41251,1
44796,1
35694,1
105105,1
59198,1
59534,1
95605,1
109850,1
17946,1
65772,1
12403,1
87588,1
99435,1
52906,1
34557,1
52935,1
70673,1
72970,1
11526,1
40926,1
63107,1
57070,1
49273,1
71387,1
2410,1
76628,1
18765,1
88127,1
50946,1
38341,1
2992,1
92938,1
20457,1
77149,1
61657,1
56455,1
30290,1
93229,1
57274,1
48553,1
51134,1
43542,1
88399,1
2584,1
109191,1
57784,1
4590,1
79821,1
1269,1
81434,1
27478,1
82266,1
46613,1
10618,1
50146,1
28331,1
77222,1
12784,1
25794,1
71837,1
100506,1
93787,1
82616,1
72433,1
46148,1
62830,1
88748,1
41815,1
91217,1
69323,1
107916,1
111181,1
92590,1
87184,1
66426,1
25039,1
62066,1
31396,1
93451,1
4459,1
52338,1
109775,1
65103,1
98914,1
42253,1
7554,1
73642,1
67420,1
98597,1
10768,1
105600,1
1913,1
72139,1
45761,1
30672,1
60888,1
1586,1
82087,1
92290,1
107783,1
53363,1
94121,1
1167,1
22666,1
15028,1
50625,1
29996,1
1206,1
31185,1
25953,1
1259,1
954,1
45000,1
104072,1
57609,1
78036,1
107974,1
53093,1
1723,1
43594,1
88775,1
37991,1
32323,1
1047,1
19562,1
47039,1
66523,1
34715,1
66982,1
32128,1
28785,1
45768,1
34123,1
17297,1
12537,1
40599,1
113834,1
19194,1
72733,1
55958,1
63316,1
98144,1
110607,1
51000,1
18161,1
110551,1
110165,1
42226,1
44250,1
29576,1
55966,1
100716,1
84656,1
56595,1
12107,1
65925,1
45949,1
104821,1
87084,1
21557,1
40860,1
38016,1
95773,1
3540,1
1935,1
100645,1
17034,1
68119,1
15591,1
50489,1
77381,1
39491,1
74956,1
29624,1
20630,1
9,1
107122,1
16102,1
53454,1
60153,1
58834,1
91987,1
71380,1
89062,1
65264,1
88783,1
8099,1
29713,1
38722,1
83544,1
24322,1
89191,1
33683,1
34021,1
44235,1
66071,1
19002,1
26228,1
90037,1
86411,1
59489,1
23914,1
30208,1
29153,1
111043,1
103287,1
100494,1
95560,1
31228,1
36161,1
14216,1
110208,1
98884,1
78231,1
27294,1
18373,1
63839,1
96609,1
110157,1
40912,1
98897,1
69381,1
74248,1
93575,1
59415,1
100188,1
83605,1
15848,1
91455,1
66466,1
45153,1
91958,1
22723,1
61878,1
93515,1
95264,1
29556,1
74523,1
75752,1
70546,1
65637,1
91486,1
38511,1
113415,1
54474,1
74644,1
55222,1
39074,1
103255,1
61510,1
98961,1
79787,1
41993,1
99698,1
75277,1
15202,1
4639,1
109963,1
80106,1
21595,1
77907,1
93488,1
43813,1
69810,1
85978,1
52682,1
104529,1
95159,1
78652,1
79174,1
40711,1
60207,1
62777,1
67763,1
23455,1
24439,1
34200,1
29562,1
67159,1
59785,1
88136,1
88827,1
5594,1
39078,1
112468,1
105209,1
97842,1
75298,1
50577,1
79615,1
1615,1
50238,1
62688,1
87578,1
107258,1
29827,1
84842,1
112939,1
15198,1
83004,1
89433,1
76163,1
86428,1
41805,1
9457,1
73772,1
74682,1
81100,1
106553,1
36078,1
105685,1
50113,1
44782,1
31934,1
29398,1
90322,1
62347,1
66548,1
105688,1
31437,1
99907,1
102294,1
83164,1
10018,1
9964,1
96901,1
13355,1
100369,1
111995,1
54144,1
100337,1
58541,1
50159,1
56521,1
101800,1
112683,1
27316,1
11754,1
19688,1
96162,1
23958,1
111639,1
90764,1
107576,1
51874,1
100294,1
18448,1
67109,1
9471,1
107109,1
113635,1
69613,1
67927,1
109424,1
12778,1
56148,1
92140,1
25766,1
107702,1
46056,1
78399,1
82026,1
18900,1
1588,1
63029,1
63192,1
67962,1
3695,1
55106,1
103783,1
53741,1
71173,1
13562,1
95258,1
65037,1
61036,1
95286,1
68376,1
66463,1
29806,1
70723,1
44348,1
90431,1
85737,1
94939,1
10961,1
27775,1
86217,1
107764,1
70813,1
7431,1
60886,1
66494,1
54051,1
54452,1
94514,1
33164,1
67548,1
19641,1
24335,1
40583,1
97503,1
98605,1
67777,1
45803,1
10527,1
76196,1
82735,1
60616,1
112925,1
56144,1
246,1
82954,1
105724,1
97504,1
50590,1
107157,1
113404,1
88463,1
4899,1
48414,1
28320,1
75043,1
69743,1
59173,1
21225,1
41180,1
80005,1
16535,1
46860,1
70590,1
63149,1
80109,1
56937,1
91147,1
70140,1
64698,1
15866,1
62523,1
49560,1
101399,1
43538,1
26792,1
109776,1
107647,1
97537,1
8703,1
3058,1
81372,1
29294,1
14133,1
37153,1
16887,1
42571,1
90152,1
109633,1
31084,1
104789,1
38298,1
42788,1
93172,1
61566,1
15514,1
103650,1
31582,1
88181,1
65547,1
73835,1
12648,1
20103,1
98867,1
10594,1
20828,1
73347,1
97391,1
95758,1
113557,1
50631,1
12068,1
107335,1
23028,1
67674,1
343,1
71765,1
105952,1
21192,1
109336,1
18913,1
2865,1
105797,1
45488,1
27360,1
65270,1
102418,1
1482,1
39559,1
6774,1
50281,1
105864,1
12719,1
101632,1
34853,1
13597,1
76975,1
36291,1
91917,1
85613,1
76874,1
35765,1
36886,1
622,1
69363,1
23212,1
7580,1
7975,1
9659,1
51729,1
5652,1
44105,1
61970,1
50085,1
64198,1
9772,1
69190,1
50409,1
113133,1
72910,1
43802,1
29641,1
51608,1
34947,1
70126,1
102167,1
19127,1
95318,1
4507,1
101801,1
17782,1
29978,1
84605,1
26844,1
48945,1
48049,1
52072,1
30669,1
53470,1
1304,1
39916,1
11666,1
78639,1
34502,1
102314,1
9650,1
14093,1
40549,1
79853,1
82782,1
92113,1
98172,1
94302,1
70806,1
19198,1
83027,1
51346,1
90924,1
22681,1
104581,1
76698,1
96394,1
48370,1
108932,1
12829,1
25253,1
46152,1
101859,1
3182,1
58760,1
82408,1
55711,1
76710,1
84544,1
113747,1
109486,1
19336,1
50242,1
86021,1
51596,1
37863,1
15600,1
38668,1
53610,1
98214,1
72262,1
69275,1
26775,1
35041,1
889,1
34849,1
72151,1
15029,1
63350,1
19775,1
20276,1
15010,1
107040,1
60190,1
25035,1
3512,1
11062,1
110475,1
6286,1
45965,1
89717,1
17046,1
58841,1
59858,1
45820,1
60885,1
17588,1
3745,1
80871,1
30978,1
83602,1
68290,1
56016,1
23391,1
79260,1
390,1
17914,1
3461,1
66979,1
34529,1
68903,1
81143,1
97220,1
26198,1
87196,1
82516,1
70394,1
67174,1
41408,1
95587,1
59935,1
102337,1
32363,1
31337,1
94632,1
89452,1
8867,1
52607,1
16411,1
410,1
53511,1
56116,1
75766,1
40235,1
110806,1
28167,1
95417,1
25229,1
57332,1
55007,1
86766,1
6572,1
37541,1
51762,1
30163,1
42585,1
110764,1
61147,1
60059,1
10135,1
28199,1
69637,1
29694,1
27218,1
5703,1
26231,1
62970,1
67730,1
46042,1
55875,1
40062,1
43245,1
17421,1
41013,1
24100,1
51311,1
90038,1
66954,1
24792,1
92406,1
78479,1
14098,1
73977,1
86694,1
55211,1
26848,1
11530,1
3681,1
84061,1
95952,1
82687,1
45852,1
43940,1
61899,1
33274,1
26477,1
102248,1
40556,1
47915,1
56949,1
105016,1
80749,1
70376,1
37539,1
23429,1
1599,1
67999,1
45125,1
104513,1
28582,1
19449,1
10204,1
73894,1
64108,1
90760,1
83550,1
16857,1
87448,1
76466,1
36808,1
70002,1
88507,1
34253,1
46026,1
28019,1
18192,1
6394,1
110420,1
35944,1
32547,1
20493,1
32886,1
11271,1
21137,1
89696,1
108535,1
31766,1
56363,1
47185,1
87673,1
7125,1
28497,1
108671,1
86334,1
29883,1
83085,1
91513,1
16193,1
56014,1
3880,1
66033,1
98489,1
74607,1
44159,1
38455,1
78426,1
47110,1
39980,1
7326,1
42613,1
90392,1
1172,1
27386,1
113964,1
104897,1
63010,1
104684,1
5308,1
25512,1
4127,1
18439,1
113858,1
3717,1
15782,1
5787,1
31558,1
113678,1
38528,1
91089,1
70328,1
85543,1
4030,1
7942,1
84204,1
99731,1
9308,1
46684,1
9901,1
72932,1
31161,1
43733,1
22927,1
96915,1
71475,1
90144,1
45639,1
88587,1
4402,1
9316,1
35575,1
59397,1
16747,1
56537,1
45415,1
69186,1
31757,1
7658,1
4884,1
35421,1
1717,1
94654,1
5303,1
86039,1
96793,1
2096,1
65564,1
35253,1
82504,1
103457,1
32397,1
30721,1
94105,1
75039,1
36530,1
5932,1
57457,1
67842,1
108073,1
13510,1
96511,1
84509,1
5617,1
44903,1
65279,1
67518,1
11572,1
29561,1
86826,1
52458,1
102607,1
104483,1
30534,1
73032,1
48392,1
55053,1
41978,1
108598,1
15013,1
12406,1
33435,1
97325,1
111324,1
64830,1
51875,1
82009,1
55925,1
6610,1
102469,1
3867,1
78160,1
52405,1
106894,1
56877,1
23683,1
63160,1
61428,1
103964,1
33446,1
68990,1
68137,1
87505,1
53663,1
105883,1
99842,1
81388,1
101160,1
5755,1
5063,1
80144,1
22147,1
80491,1
56167,1
51255,1
88195,1
98975,1
20401,1
49950,1
57138,1
51362,1
14268,1
59270,1
57573,1
72062,1
76212,1
20600,1
17146,1
97260,1
5589,1
104816,1
12097,1
47250,1
78443,1
106572,1
111380,1
29345,1
33013,1
103362,1
4366,1
102301,1
69155,1
107063,1
3184,1
25371,1
101124,1
112737,1
8950,1
6705,1
21862,1
24898,1
35990,1
58259,1
13093,1
43419,1
56805,1
99023,1
45815,1
94637,1
105649,1
30969,1
39721,1
65339,1
16525,1
31750,1
11797,1
64650,1
13444,1
94156,1
81599,1
72669,1
30795,1
12764,1
9217,1
97852,1
37870,1
40751,1
51529,1
20968,1
94598,1
5717,1
2693,1
28366,1
30925,1
1085,1
55783,1
45749,1
91734,1
29931,1
37979,1
52537,1
94646,1
99762,1
46878,1
12631,1
109709,1
83785,1
63594,1
101188,1
103037,1
94887,1
7313,1
89958,1
64129,1
10300,1
28828,1
91400,1
22130,1
8974,1
70030,1
108902,1
25397,1
81035,1
63792,1
72823,1
14738,1
5493,1
60934,1
36782,1
69524,1
71801,1
73418,1
13433,1
45889,1
48324,1
108119,1
82431,1
88863,1
41480,1
40798,1
53471,1
57863,1
9794,1
82275,1
101008,1
77404,1
77737,1
36330,1
108934,1
69169,1
20180,1
19674,1
89804,1
40277,1
16735,1
14251,1
44359,1
33344,1
7780,1
84689,1
100665,1
45567,1
79618,1
46996,1
13985,1
29434,1
79156,1
129,1
57956,1
61807,1
32215,1
25540,1
96787,1
68659,1
15502,1
29901,1
91577,1
75730,1
107101,1
66476,1
70090,1
76784,1
45514,1
112202,1
71989,1
3378,1
19913,1
50154,1
46947,1
18674,1
35710,1
29772,1
77261,1
64398,1
52503,1
29890,1
14994,1
27467,1
104450,1
47598,1
63953,1
2960,1
61168,1
70779,1
89387,1
35459,1
107126,1
109507,1
25148,1
70529,1
111371,1
70959,1
49687,1
30867,1
27501,1
108370,1
83238,1
32369,1
54881,1
65107,1
91065,1
73003,1
92116,1
1039,1
92352,1
81001,1
25929,1
16533,1
16286,1
32674,1
75652,1
30791,1
5154,1
103443,1
79207,1
24052,1
14622,1
50686,1
64507,1
42418,1
66129,1
62578,1
53236,1
20100,1
98996,1
13669,1
98939,1
35261,1
95901,1
108253,1
81845,1
9380,1
74387,1
19809,1
72049,1
90604,1
100932,1
81871,1
10125,1
16006,1
16185,1
57341,1
97354,1
31990,1
67236,1
68009,1
24603,1
34785,1
101177,1
89718,1
28939,1
98619,1
55692,1
46315,1
89711,1
90582,1
41418,1
53920,1
21543,1
95572,1
66870,1
112402,1
47410,1
80347,1
14102,1
28700,1
79747,1
51975,1
60013,1
90401,1
95054,1
40340,1
26972,1
50959,1
27565,1
73379,1
78073,1
53536,1
28170,1
70597,1
112589,1
103169,1
24236,1
55688,1
76506,1
89758,1
93799,1
24580,1
76730,1
56002,1
15698,1
105816,1
62771,1
35406,1
40622,1
71321,1
41701,1
74882,1
35961,1
23349,1
23649,1
80595,1
106950,1
23462,1
62314,1
85805,1
11039,1
66981,1
109788,1
43164,1
46035,1
37473,1
96804,1
27625,1
47024,1
29097,1
112879,1
92554,1
95493,1
93599,1
5058,1
61409,1
112749,1
94345,1
73191,1
48264,1
36547,1
75471,1
15612,1
21035,1
7685,1
4499,1
109623,1
95502,1
51179,1
96403,1
104731,1
49807,1
36683,1
37132,1
72206,1
29802,1
8453,1
20986,1
112479,1
217,1
21337,1
78923,1
68430,1
105120,1
1250,1
51443,1
22651,1
38147,1
34615,1
105479,1
93797,1
95188,1
8675,1
108486,1
38351,1
104401,1
56705,1
20953,1
37557,1
111840,1
103120,1
77820,1
12380,1
69704,1
52973,1
33169,1
30060,1
37060,1
90578,1
71748,1
81113,1
111218,1
31864,1
108728,1
106737,1
19089,1
87533,1
102832,1
37709,1
57315,1
25702,1
85200,1
31141,1
75430,1
63544,1
289,1
61762,1
90585,1
7839,1
1517,1
104368,1
76129,1
34663,1
97692,1
93391,1
105555,1
83385,1
62698,1
57760,1
57642,1
96645,1
9993,1
36162,1
1398,1
102763,1
86816,1
89225,1
52,1
73,1
54556,1
30651,1
56890,1
93626,1
44483,1
84682,1
71490,1
39168,1
69820,1
67828,1
17508,1
73914,1
42958,1
39249,1
99815,1
94130,1
78681,1
15949,1
55710,1
79148,1
34044,1
102600,1
90013,1
70780,1
75793,1
10017,1
55019,1
53916,1
79124,1
29087,1
22384,1
35250,1
52727,1
84310,1
48891,1
87461,1
20087,1
10294,1
101861,1
38036,1
45039,1
49270,1
57535,1
17868,1
17354,1
2984,1
52600,1
21418,1
31353,1
80198,1
35,1
25810,1
20815,1
28721,1
6277,1
99865,1
78762,1
71178,1
103620,1
17136,1
89922,1
56366,1
18902,1
38963,1
1187,1
32304,1
87582,1
73386,1
110460,1
93583,1
4163,1
109731,1
67134,1
12951,1
53946,1
23941,1
47630,1
2117,1
6821,1
16782,1
56318,1
50700,1
58097,1
91788,1
41133,1
105032,1
108792,1
78158,1
86883,1
77287,1
13207,1
107944,1
94069,1
48977,1
6392,1
97126,1
73978,1
18363,1
27712,1
9870,1
19480,1
86565,1
13556,1
101210,1
38660,1
103835,1
91458,1
54062,1
103655,1
99504,1
36591,1
86000,1
102969,1
21887,1
47391,1
16321,1
40188,1
15504,1
101614,1
64422,1
8744,1
42393,1
56666,1
72205,1
30668,1
74752,1
789,1
40610,1
46481,1
21385,1
76280,1
19925,1
82493,1
55787,1
54366,1
41147,1
102968,1
98928,1
17591,1
28131,1
9540,1
94595,1
107266,1
25502,1
19012,1
102437,1
43611,1
93746,1
49253,1
47954,1
101275,1
32805,1
73246,1
27795,1
25086,1
12897,1
83545,1
3781,1
55316,1
104364,1
56965,1
15353,1
62167,1
85948,1
84357,1
10634,1
94859,1
23276,1
53884,1
108702,1
27647,1
45037,1
25155,1
773,1
90883,1
113883,1
111534,1
37347,1
72711,1
34244,1
68123,1
86425,1
7405,1
72441,1
86386,1
82222,1
3172,1
63541,1
107462,1
51973,1
64127,1
100552,1
94083,1
29162,1
106151,1
13504,1
91279,1
81834,1
75183,1
76518,1
91264,1
65375,1
52726,1
108126,1
76329,1
63299,1
3241,1
64644,1
35731,1
80259,1
3852,1
67161,1
101973,1
29297,1
27846,1
111919,1
57931,1
1461,1
36581,1
102462,1
83363,1
10172,1
109425,1
112326,1
20315,1
65620,1
58064,1
73202,1
38772,1
18957,1
58057,1
90939,1
19732,1
36493,1
107074,1
66897,1
43939,1
2911,1
39011,1
23652,1
49544,1
26363,1
28774,1
109538,1
10852,1
44188,1
107614,1
71923,1
53686,1
73273,1
80393,1
2747,1
106998,1
52801,1
104708,1
95297,1
22449,1
49467,1
11252,1
66874,1
83267,1
39300,1
42715,1
88810,1
8914,1
58159,1
96058,1
97377,1
20708,1
17210,1
64092,1
56693,1
99957,1
26797,1
28534,1
100314,1
6294,1
107163,1
19708,1
35812,1
64771,1
6107,1
1931,1
75717,1
21964,1
40933,1
12159,1
32261,1
35926,1
44051,1
110250,1
57288,1
69497,1
109767,1
109605,1
2726,1
22004,1
97166,1
16216,1
9982,1
79741,1
74521,1
58255,1
20757,1
33334,1
23662,1
61732,1
66796,1
36964,1
112706,1
71388,1
37576,1
10238,1
6647,1
57293,1
73413,1
27902,1
90193,1
4345,1
107732,1
53502,1
105565,1
14534,1
8688,1
64945,1
52571,1
58444,1
73432,1
100348,1
13788,1
76075,1
22918,1
39388,1
83050,1
82429,1
20414,1
92899,1
101218,1
2029,1
58609,1
66766,1
42255,1
21201,1
62734,1
38640,1
55724,1
78622,1
7479,1
108140,1
73687,1
1883,1
27639,1
19781,1
86032,1
71925,1
52980,1
49642,1
106284,1
68381,1
31252,1
58398,1
73533,1
89627,1
32048,1
23062,1
75617,1
69340,1
18526,1
53537,1
33943,1
106614,1
25299,1
37683,1
98864,1
100412,1
68754,1
89004,1
108255,1
10778,1
72170,1
42508,1
86274,1
110925,1
48873,1
59780,1
78862,1
22047,1
56468,1
17874,1
21168,1
49713,1
80101,1
57208,1
69103,1
108443,1
84603,1
59822,1
15759,1
72326,1
8394,1
82720,1
112429,1
42125,1
19617,1
99702,1
52235,1
24636,1
8591,1
113911,1
48207,1
43425,1
47912,1
104379,1
14264,1
110137,1
27432,1
109665,1
61506,1
55863,1
52605,1
108091,1
30665,1
16881,1
94084,1
18886,1
72266,1
87452,1
11847,1
67408,1
13169,1
96456,1
28597,1
113939,1
72494,1
90124,1
96234,1
39608,1
76930,1
110156,1
68217,1
88967,1
16710,1
86112,1
24059,1
96668,1
19628,1
18912,1
99942,1
77048,1
59795,1
33232,1
84195,1
40173,1
52099,1
21567,1
49927,1
18626,1
14300,1
53535,1
64180,1
94623,1
97268,1
59472,1
11205,1
103013,1
24428,1
88218,1
52124,1
29540,1
104234,1
34692,1
97981,1
71347,1
104737,1
9079,1
84084,1
19835,1
18939,1
21640,1
67312,1
733,1
94745,1
37771,1
51472,1
68417,1
79154,1
3384,1
109075,1
52959,1
19563,1
110899,1
55450,1
66511,1
17521,1
82305,1
12030,1
57407,1
46019,1
13478,1
111868,1
44530,1
61227,1
91834,1
101375,1
51767,1
67403,1
112591,1
101213,1
106099,1
86301,1
26084,1
51435,1
106305,1
41294,1
77224,1
105011,1
29299,1
60962,1
108183,1
76514,1
59253,1
44057,1
61049,1
30899,1
27784,1
43577,1
73368,1
86790,1
51087,1
104237,1
30066,1
31721,1
36638,1
57189,1
46925,1
29755,1
19105,1
17779,1
8493,1
53688,1
44112,1
104748,1
98679,1
80953,1
77720,1
1415,1
39100,1
93435,1
49383,1
77958,1
98309,1
7953,1
88418,1
34273,1
99576,1
23534,1
4697,1
80156,1
70645,1
65243,1
107588,1
64168,1
14681,1
89963,1
54724,1
6530,1
104836,1
94785,1
58865,1
35619,1
81954,1
106411,1
7721,1
69891,1
88731,1
23569,1
65414,1
75365,1
49136,1
32779,1
9447,1
4939,1
67067,1
34718,1
86050,1
9378,1
81427,1
58336,1
81004,1
61413,1
38964,1
111815,1
67051,1
111626,1
113402,1
6071,1
19090,1
16064,1
9083,1
57023,1
62480,1
32312,1
11069,1
73994,1
56324,1
49873,1
8478,1
50273,1
16509,1
63553,1
22387,1
39259,1
94847,1
18818,1
56837,1
96320,1
98795,1
98531,1
61326,1
42825,1
70759,1
19500,1
48371,1
43441,1
103275,1
89267,1
68340,1
63371,1
50259,1
106722,1
98901,1
102261,1
53500,1
63535,1
51025,1
83036,1
45345,1
22697,1
94608,1
99624,1
18168,1
8656,1
40527,1
9421,1
54223,1
98909,1
112609,1
87919,1
40649,1
91362,1
110582,1
7988,1
6791,1
19307,1
26888,1
40110,1
79144,1
70550,1
78299,1
32004,1
113115,1
88897,1
36194,1
63363,1
9360,1
77387,1
4246,1
60364,1
63775,1
98555,1
73629,1
37278,1
7367,1
109262,1
31180,1
53137,1
2792,1
35011,1
104968,1
20697,1
36462,1
63557,1
39576,1
102397,1
44858,1
62129,1
15940,1
12437,1
94925,1
63098,1
38202,1
113067,1
95431,1
92619,1
31091,1
30381,1
43948,1
19718,1
88473,1
86754,1
66774,1
7489,1
64435,1
9693,1
107693,1
58477,1
101976,1
49305,1
56749,1
97319,1
29558,1
64244,1
85726,1
8760,1
5296,1
26448,1
519,1
46155,1
51999,1
21496,1
24431,1
41080,1
26503,1
65010,1
112025,1
81658,1
8508,1
21750,1
4008,1
3142,1
107579,1
100086,1
55306,1
90660,1
41572,1
45714,1
86304,1
70801,1
38634,1
16673,1
13016,1
108707,1
25330,1
55824,1
3580,1
39884,1
43683,1
47508,1
66026,1
69300,1
37403,1
19914,1
20801,1
71871,1
59369,1
2290,1
104357,1
64138,1
99593,1
82005,1
76156,1
17119,1
9924,1
47352,1
108154,1
81997,1
25130,1
5991,1
38400,1
18335,1
110951,1
4394,1
46336,1
3099,1
102058,1
81618,1
83830,1
53114,1
38046,1
23591,1
43500,1
21409,1
98886,1
65860,1
98187,1
18455,1
36201,1
29992,1
29027,1
58013,1
52606,1
27473,1
20308,1
88604,1
2018,1
78481,1
58567,1
90134,1
59904,1
46872,1
101565,1
111758,1
32096,1
103374,1
22830,1
10660,1
13109,1
36695,1
99048,1
107922,1
63059,1
45822,1
63718,1
12206,1
110784,1
57300,1
18582,1
98359,1
90279,1
68269,1
38476,1
64233,1
80906,1
30413,1
67556,1
9691,1
73794,1
5052,1
32855,1
59541,1
84804,1
41312,1
15446,1
62670,1
94167,1
77091,1
82604,1
72584,1
6728,1
58176,1
6747,1
30178,1
40540,1
96952,1
51160,1
38478,1
113453,1
61870,1
43133,1
66806,1
109929,1
36476,1
111927,1
64818,1
39722,1
57826,1
69403,1
53519,1
61592,1
55738,1
13439,1
65980,1
108584,1
78315,1
92578,1
56444,1
27278,1
52395,1
50413,1
109552,1
8385,1
86024,1
57459,1
33860,1
10809,1
47515,1
94728,1
63231,1
46235,1
2400,1
84435,1
54867,1
77503,1
73163,1
87792,1
93901,1
34192,1
98737,1
38441,1
20649,1
3224,1
58193,1
4505,1
108732,1
74551,1
68251,1
104606,1
110087,1
46919,1
52363,1
60540,1
79740,1
107547,1
90984,1
54419,1
76380,1
25759,1
23942,1
79687,1
111597,1
47196,1
104768,1
71266,1
82624,1
102680,1
110619,1
19513,1
8224,1
30265,1
72506,1
4712,1
57094,1
48160,1
13168,1
74989,1
40108,1
66862,1
910,1
51774,1
2234,1
99276,1
53299,1
86769,1
26418,1
29260,1
64515,1
37344,1
8935,1
21334,1
86857,1
106167,1
69947,1
53220,1
47495,1
64775,1
41029,1
281,1
4921,1
113726,1
108113,1
45993,1
26428,1
45987,1
31708,1
47867,1
64793,1
67397,1
66103,1
65969,1
14707,1
91889,1
103662,1
44736,1
78031,1
31203,1
47571,1
52256,1
84909,1
89784,1
76551,1
55388,1
89520,1
41379,1
3366,1
22225,1
79264,1
97785,1
37191,1
59617,1
106910,1
66565,1
76150,1
56992,1
18320,1
54367,1
70862,1
93840,1
77548,1
13941,1
27450,1
9610,1
97784,1
45416,1
47143,1
66761,1
18933,1
82023,1
65285,1
78290,1
105247,1
73302,1
22828,1
10150,1
38474,1
24781,1
30892,1
4708,1
40838,1
35969,1
64799,1
69887,1
10798,1
105659,1
53163,1
69242,1
45737,1
92567,1
85953,1
88899,1
55006,1
6143,1
101142,1
89032,1
96444,1
15046,1
79892,1
25481,1
18243,1
46129,1
43497,1
85067,1
17729,1
101968,1
31640,1
8091,1
2476,1
78507,1
86237,1
40264,1
100623,1
94772,1
14330,1
69871,1
109564,1
19370,1
43544,1
18077,1
104125,1
85116,1
81509,1
25276,1
110747,1
29281,1
47868,1
13003,1
29037,1
39588,1
26544,1
83751,1
35035,1
30821,1
65075,1
95798,1
38235,1
74506,1
78802,1
10224,1
8042,1
52432,1
14283,1
1346,1
88266,1
18963,1
111498,1
48813,1
38180,1
90145,1
73383,1
37651,1
30731,1
82432,1
2629,1
31366,1
37722,1
5509,1
77172,1
108144,1
42920,1
57139,1
105580,1
26041,1
24593,1
5435,1
10724,1
62713,1
61192,1
18907,1
104051,1
32705,1
45365,1
67393,1
10363,1
61099,1
84737,1
59104,1
108603,1
2030,1
58614,1
52300,1
2849,1
22924,1
82522,1
17567,1
37426,1
35978,1
77499,1
54049,1
63626,1
16172,1
18307,1
20229,1
104115,1
30037,1
68898,1
9125,1
111125,1
103638,1
24800,1
219,1
10472,1
98660,1
96846,1
101061,1
66346,1
102289,1
6560,1
28260,1
26940,1
23771,1
54052,1
3348,1
13401,1
77086,1
75846,1
88145,1
65998,1
63803,1
67023,1
82443,1
40041,1
104563,1
80788,1
44588,1
70358,1
91334,1
106272,1
63778,1
94988,1
71787,1
21109,1
8353,1
3269,1
30297,1
31452,1
73790,1
10659,1
79368,1
91026,1
41169,1
97365,1
35659,1
61719,1
63287,1
52001,1
3324,1
87036,1
13046,1
11908,1
22538,1
32878,1
24630,1
30512,1
39435,1
47674,1
25190,1
21990,1
48172,1
98601,1
68310,1
89667,1
63382,1
56987,1
36183,1
105505,1
59757,1
38164,1
32719,1
75850,1
14609,1
52193,1
26230,1
39997,1
91672,1
2720,1
80229,1
60921,1
81103,1
79526,1
48834,1
84505,1
72703,1
113600,1
19032,1
89642,1
113503,1
109500,1
1100,1
2697,1
108147,1
48538,1
17723,1
78307,1
6310,1
64,1
69957,1
82814,1
18078,1
11472,1
80489,1
59168,1
28523,1
52956,1
106996,1
64253,1
108773,1
35998,1
61780,1
15480,1
34487,1
110825,1
6623,1
52889,1
31192,1
81828,1
33295,1
79149,1
101270,1
102253,1
86002,1
105386,1
27461,1
24684,1
4815,1
18951,1
106843,1
94347,1
8528,1
78734,1
50533,1
14529,1
33926,1
34855,1
14158,1
46044,1
3705,1
104727,1
27482,1
15645,1
97081,1
53136,1
82802,1
590,1
50544,1
36212,1
109871,1
30803,1
46649,1
86293,1
109839,1
17052,1
73684,1
42970,1
85818,1
92423,1
88972,1
95946,1
104145,1
71720,1
60416,1
113865,1
74417,1
89787,1
15994,1
71682,1
53564,1
73171,1
3088,1
104127,1
89526,1
60619,1
62059,1
27481,1
8761,1
58048,1
93716,1
77551,1
57144,1
49910,1
6477,1
83859,1
27493,1
36280,1
56412,1
40441,1
97547,1
22358,1
29182,1
63598,1
80170,1
31217,1
22725,1
23134,1
62145,1
94070,1
112711,1
22465,1
62103,1
4338,1
87055,1
29478,1
30728,1
107541,1
88924,1
50718,1
47448,1
106796,1
29767,1
52492,1
112096,1
97709,1
109176,1
21989,1
105199,1
36499,1
64412,1
35289,1
61170,1
76305,1
76663,1
67244,1
93027,1
60507,1
56763,1
69356,1
6255,1
39275,1
3716,1
11652,1
111164,1
63542,1
7177,1
33248,1
79083,1
71626,1
4063,1
37972,1
102165,1
78373,1
38457,1
42700,1
3616,1
98296,1
42651,1
99417,1
55116,1
101939,1
16000,1
111280,1
98182,1
35396,1
110233,1
91372,1
45542,1
109207,1
76682,1
65885,1
87702,1
86612,1
22963,1
14597,1
26951,1
109170,1
21446,1
61242,1
56331,1
104150,1
27532,1
44316,1
41650,1
73428,1
12317,1
108704,1
9587,1
4273,1
31596,1
61137,1
77450,1
92074,1
28686,1
11961,1
55480,1
49287,1
55077,1
66350,1
69951,1
36266,1
81332,1
29869,1
108832,1
78697,1
113645,1
58212,1
89117,1
16105,1
13894,1
53497,1
421,1
46658,1
40177,1
61633,1
50020,1
45273,1
7168,1
52609,1
54087,1
80281,1
56141,1
39792,1
16136,1
95685,1
12505,1
64707,1
70884,1
30528,1
109209,1
53758,1
83223,1
78558,1
111684,1
42586,1
16209,1
90241,1
89755,1
93171,1
18662,1
3027,1
12717,1
6042,1
82792,1
108885,1
54086,1
69618,1
111321,1
5882,1
114028,1
106876,1
52857,1
70843,1
70686,1
11911,1
67670,1
58885,1
19574,1
35652,1
67436,1
39636,1
17931,1
5385,1
170,1
42208,1
37824,1
102043,1
68921,1
85629,1
29495,1
99613,1
80806,1
46033,1
90324,1
88962,1
23775,1
33885,1
96566,1
11299,1
51141,1
19374,1
32293,1
77361,1
9219,1
44144,1
10398,1
45660,1
21547,1
37932,1
12122,1
10953,1
93696,1
77762,1
71079,1
36010,1
103955,1
19578,1
15804,1
16761,1
74219,1
45627,1
24857,1
106123,1
50708,1
32938,1
80817,1
82835,1
107065,1
13792,1
31502,1
23877,1
95615,1
15515,1
55851,1
55303,1
19816,1
34953,1
32144,1
64000,1
22849,1
36892,1
111349,1
19009,1
59605,1
59258,1
41726,1
13922,1
72047,1
88103,1
112392,1
56166,1
6595,1
4313,1
76945,1
63520,1
43990,1
16025,1
21507,1
52750,1
49751,1
39919,1
83173,1
47012,1
37790,1
60911,1
67095,1
100270,1
67746,1
16697,1
85930,1
1762,1
58795,1
4176,1
67744,1
31117,1
101377,1
11783,1
26677,1
111124,1
104302,1
102879,1
28853,1
7288,1
30255,1
1217,1
83840,1
8421,1
10457,1
57990,1
23436,1
111968,1
100753,1
25646,1
63635,1
107050,1
106456,1
80651,1
96120,1
83243,1
43106,1
104777,1
21994,1
11436,1
19088,1
90128,1
23697,1
76591,1
84838,1
70909,1
52232,1
57942,1
99776,1
112022,1
29962,1
97936,1
113395,1
57766,1
9583,1
64904,1
37521,1
86735,1
41282,1
76195,1
34280,1
19634,1
63998,1
81800,1
3657,1
25505,1
68118,1
39072,1
111377,1
64072,1
56380,1
102006,1
33349,1
77362,1
12731,1
96453,1
52972,1
72216,1
59331,1
95865,1
112173,1
111532,1
93293,1
28631,1
21023,1
84697,1
89558,1
59094,1
76528,1
95570,1
31239,1
83587,1
85678,1
68782,1
48954,1
95612,1
48148,1
42398,1
21221,1
108020,1
113178,1
103813,1
39273,1
75523,1
57002,1
93602,1
82873,1
43557,1
21574,1
71776,1
48002,1
85070,1
87620,1
24607,1
58279,1
34048,1
36394,1
57061,1
85829,1
73198,1
26155,1
113148,1
96322,1
63078,1
17144,1
112422,1
78127,1
83109,1
10546,1
11512,1
69093,1
8085,1
83482,1
80910,1
71688,1
22258,1
8960,1
87230,1
19411,1
113059,1
67508,1
33710,1
40545,1
35602,1
69787,1
78552,1
74582,1
37643,1
89879,1
80872,1
112622,1
44208,1
100408,1
111399,1
32709,1
1025,1
44886,1
42838,1
90103,1
84918,1
27794,1
73947,1
36934,1
84644,1
114027,1
105004,1
423,1
57026,1
85269,1
94030,1
79230,1
45616,1
104637,1
102182,1
8149,1
56707,1
3790,1
90294,1
80629,1
8582,1
83414,1
100747,1
81757,1
4380,1
46729,1
78198,1
8402,1
111609,1
96815,1
52231,1
43567,1
34827,1
60459,1
66094,1
64331,1
37829,1
22194,1
46716,1
108309,1
53629,1
288,1
26456,1
8812,1
14203,1
58404,1
111682,1
105975,1
19687,1
88239,1
19401,1
99046,1
93614,1
82201,1
34321,1
36064,1
86752,1
26186,1
62005,1
40233,1
89874,1
102889,1
30659,1
82983,1
11587,1
71044,1
36963,1
22973,1
48501,1
101121,1
103158,1
107265,1
57063,1
60332,1
71784,1
93258,1
48209,1
35967,1
41405,1
105523,1
38204,1
60856,1
50356,1
11745,1
32582,1
9697,1
78609,1
49453,1
16511,1
107836,1
68097,1
71934,1
7403,1
18058,1
32121,1
62672,1
77081,1
104987,1
81226,1
77463,1
91471,1
42993,1
66980,1
42272,1
55381,1
26201,1
96755,1
42622,1
34376,1
95222,1
83183,1
63977,1
111803,1
47096,1
102141,1
59892,1
44999,1
2276,1
52243,1
53404,1
22204,1
49085,1
18285,1
23673,1
66199,1
34312,1
109664,1
58658,1
61335,1
107412,1
60873,1
91122,1
77017,1
23960,1
25268,1
84578,1
100163,1
12735,1
102854,1
103176,1
30622,1
79167,1
72378,1
111487,1
59395,1
107400,1
65809,1
73342,1
41760,1
67116,1
86187,1
61246,1
83290,1
59356,1
74308,1
6966,1
104518,1
74987,1
72611,1
2225,1
5045,1
95518,1
59394,1
77601,1
72948,1
3825,1
94339,1
70247,1
32097,1
110107,1
42689,1
94752,1
95978,1
49893,1
60965,1
113065,1
101826,1
64764,1
2079,1
82737,1
70954,1
62269,1
17631,1
47088,1
112290,1
21642,1
10190,1
91596,1
29148,1
72681,1
6807,1
83706,1
90421,1
52287,1
90879,1
48099,1
18627,1
57466,1
32315,1
64531,1
97140,1
104539,1
60742,1
12061,1
15575,1
112496,1
44302,1
44519,1
18062,1
2893,1
110277,1
102007,1
91220,1
39351,1
33740,1
47645,1
25234,1
52525,1
34355,1
83163,1
110497,1
99631,1
5822,1
86267,1
17601,1
72603,1
80361,1
56480,1
50809,1
105605,1
31322,1
47752,1
108972,1
60877,1
48063,1
89633,1
50445,1
108484,1
53238,1
9246,1
45483,1
78964,1
104002,1
55372,1
62823,1
72674,1
81145,1
48988,1
46693,1
44767,1
104106,1
36170,1
113767,1
70777,1
25824,1
92623,1
36992,1
60103,1
38514,1
105241,1
58167,1
77567,1
16135,1
59042,1
81790,1
57212,1
3217,1
41860,1
58411,1
106454,1
59456,1
92624,1
63044,1
18109,1
49395,1
55728,1
14096,1
42504,1
93273,1
63689,1
69994,1
91377,1
36066,1
12186,1
6802,1
26099,1
29101,1
40847,1
84614,1
87370,1
55928,1
64981,1
89486,1
63326,1
78805,1
93598,1
30248,1
76774,1
66529,1
10967,1
109572,1
45642,1
85828,1
59727,1
24260,1
50079,1
45650,1
111462,1
98269,1
24962,1
27320,1
88445,1
36667,1
5646,1
505,1
76892,1
29498,1
36951,1
16117,1
71823,1
65619,1
60956,1
112813,1
98588,1
83725,1
15234,1
39560,1
74366,1
73662,1
68771,1
106503,1
35753,1
55378,1
48978,1
26667,1
34508,1
3402,1
46654,1
93053,1
16559,1
79479,1
57113,1
4587,1
7920,1
22522,1
75055,1
15250,1
26700,1
90526,1
17089,1
44405,1
85448,1
13527,1
70522,1
105672,1
93762,1
110820,1
38873,1
30192,1
51536,1
60700,1
96660,1
30112,1
97691,1
83003,1
65462,1
37526,1
62493,1
106342,1
4232,1
95921,1
111292,1
95905,1
70160,1
109812,1
34864,1
13251,1
87937,1
9891,1
24725,1
62293,1
39694,1
14304,1
105829,1
41592,1
73422,1
29177,1
111706,1
97148,1
113955,1
24914,1
99215,1
29251,1
46256,1
32591,1
84792,1
68766,1
59520,1
13095,1
68416,1
36012,1
111165,1
64695,1
66813,1
22719,1
16755,1
49204,1
102471,1
17383,1
68809,1
76431,1
44680,1
93349,1
17961,1
89214,1
92592,1
76017,1
65282,1
107080,1
21435,1
69862,1
75245,1
64523,1
113074,1
44369,1
106274,1
80762,1
61234,1
27933,1
60672,1
40167,1
2355,1
109672,1
109563,1
100545,1
10035,1
102263,1
32127,1
54880,1
88613,1
9768,1
40411,1
102538,1
53202,1
20136,1
93692,1
18000,1
8504,1
69031,1
35405,1
68139,1
51894,1
35977,1
61060,1
30433,1
102461,1
70683,1
5555,1
10443,1
97741,1
6390,1
14584,1
90109,1
28237,1
122,1
101596,1
71900,1
111561,1
109947,1
42526,1
101804,1
74815,1
73005,1
9851,1
104611,1
85560,1
15356,1
96357,1
110487,1
92868,1
18269,1
23497,1
36365,1
60261,1
55642,1
34722,1
93197,1
60825,1
88367,1
87023,1
83806,1
2181,1
9290,1
109177,1
4224,1
43279,1
94195,1
109362,1
23154,1
91098,1
105639,1
60676,1
106938,1
92465,1
66633,1
91882,1
98925,1
7892,1
87589,1
8518,1
65961,1
16638,1
93977,1
9556,1
104315,1
86068,1
70296,1
40223,1
49701,1
25419,1
66404,1
49669,1
56662,1
459,1
99130,1
65424,1
59007,1
21576,1
8130,1
69606,1
65555,1
32192,1
23853,1
9842,1
57233,1
28824,1
51385,1
99687,1
7254,1
113736,1
35366,1
60555,1
4234,1
17674,1
39925,1
83284,1
90478,1
22796,1
100243,1
79521,1
105069,1
12822,1
109383,1
30464,1
30884,1
91041,1
3330,1
76886,1
93130,1
80466,1
22752,1
31274,1
38626,1
75516,1
11637,1
3301,1
102485,1
1063,1
18262,1
16108,1
89735,1
114024,1
59741,1
42826,1
52238,1
35855,1
105747,1
16868,1
77676,1
35512,1
8315,1
99387,1
30877,1
97991,1
76516,1
56282,1
49852,1
11240,1
37903,1
103333,1
33451,1
10901,1
61910,1
31212,1
42386,1
30003,1
16788,1
39293,1
109828,1
55845,1
48854,1
96698,1
37734,1
82564,1
90262,1
24681,1
24356,1
80425,1
10212,1
93431,1
36057,1
109796,1
97202,1
111176,1
16287,1
60145,1
113142,1
43569,1
101945,1
77987,1
22056,1
94868,1
95095,1
5034,1
46389,1
14910,1
4040,1
6763,1
29853,1
41716,1
31321,1
86096,1
34247,1
100335,1
1544,1
50362,1
30854,1
83599,1
34997,1
48736,1
98610,1
66419,1
49469,1
6013,1
94149,1
17774,1
77502,1
97734,1
103265,1
94065,1
13862,1
82761,1
76971,1
52808,1
87138,1
91595,1
36784,1
109304,1
4926,1
89529,1
95146,1
107363,1
1326,1
16794,1
6457,1
48286,1
92356,1
83902,1
110880,1
59679,1
17239,1
19080,1
42058,1
67888,1
24849,1
29082,1
27768,1
89366,1
72141,1
22334,1
53216,1
38065,1
50213,1
15577,1
73979,1
8907,1
34510,1
65167,1
50332,1
82385,1
87540,1
49875,1
112335,1
97656,1
48893,1
28606,1
7672,1
12099,1
103245,1
112378,1
6837,1
23465,1
108876,1
34125,1
63070,1
66354,1
3489,1
48746,1
96189,1
23056,1
9959,1
59430,1
29225,1
19044,1
12457,1
109092,1
17083,1
61384,1
29742,1
67476,1
37052,1
50905,1
61957,1
87,1
85377,1
52285,1
97409,1
96925,1
88369,1
3983,1
51578,1
62442,1
84381,1
44360,1
52823,1
2168,1
22699,1
59685,1
107851,1
11779,1
82318,1
12603,1
110066,1
91843,1
88451,1
43780,1
97628,1
112258,1
54137,1
102447,1
3126,1
97239,1
77740,1
94509,1
66685,1
44028,1
113024,1
23578,1
9513,1
10547,1
18382,1
61716,1
22775,1
56139,1
5346,1
55924,1
85770,1
63627,1
51330,1
89672,1
81251,1
11951,1
81301,1
91262,1
93140,1
38810,1
82840,1
84705,1
3025,1
91266,1
63666,1
86176,1
22262,1
20816,1
3673,1
76974,1
85214,1
107362,1
48255,1
7755,1
96571,1
25725,1
94943,1
17910,1
99855,1
29262,1
86665,1
81019,1
1139,1
27881,1
63569,1
40429,1
85509,1
27757,1
80095,1
81672,1
16019,1
12548,1
110638,1
78434,1
109945,1
77104,1
59077,1
59928,1
41249,1
100681,1
79442,1
109898,1
113446,1
20445,1
41027,1
37335,1
71193,1
7068,1
80409,1
78934,1
87722,1
76351,1
113617,1
69101,1
80858,1
68635,1
68872,1
36433,1
54928,1
20077,1
73187,1
42071,1
43316,1
16465,1
69855,1
40998,1
78333,1
33519,1
23161,1
56883,1
84422,1
18943,1
101292,1
20635,1
98561,1
67986,1
18044,1
8899,1
102758,1
48111,1
90458,1
12968,1
84562,1
108420,1
95331,1
56118,1
102459,1
10101,1
7771,1
113661,1
101090,1
73567,1
7934,1
58070,1
84375,1
22643,1
83072,1
63970,1
6230,1
76076,1
1646,1
16947,1
6548,1
806,1
113303,1
47894,1
106334,1
99104,1
2461,1
45796,1
23822,1
19862,1
86840,1
59827,1
106879,1
41589,1
12166,1
59569,1
36642,1
53724,1
45179,1
24879,1
98903,1
1791,1
73720,1
111948,1
88728,1
45382,1
61295,1
88812,1
60133,1
40667,1
33659,1
49529,1
70793,1
78343,1
18116,1
104769,1
47918,1
34073,1
82557,1
96608,1
81640,1
72116,1
97969,1
4907,1
88039,1
7246,1
105693,1
107134,1
88137,1
84187,1
38579,1
98747,1
36769,1
106432,1
50621,1
42082,1
48403,1
74570,1
92609,1
30029,1
78555,1
99233,1
68709,1
58304,1
91721,1
109539,1
113254,1
75718,1
112713,1
39917,1
80360,1
37698,1
16390,1
5194,1
101011,1
86124,1
26958,1
6064,1
89270,1
72068,1
41542,1
10220,1
47976,1
17161,1
101050,1
26546,1
15238,1
6724,1
6357,1
78005,1
1282,1
76796,1
84535,1
45920,1
47500,1
34083,1
76297,1
47139,1
41254,1
107790,1
52329,1
6605,1
61420,1
85743,1
47764,1
6896,1
54413,1
111607,1
46787,1
31675,1
42853,1
63962,1
8347,1
78232,1
81566,1
66489,1
85328,1
8963,1
22564,1
10162,1
43189,1
100300,1
110901,1
82255,1
112243,1
37753,1
13937,1
8982,1
51692,1
91439,1
33113,1
15122,1
48242,1
18695,1
96001,1
22389,1
95151,1
55781,1
50188,1
23885,1
99974,1
1209,1
107595,1
51983,1
84530,1
6667,1
77158,1
68656,1
3303,1
8366,1
27378,1
55125,1
8377,1
20328,1
91934,1
22003,1
7889,1
8428,1
80612,1
20916,1
6080,1
3436,1
26234,1
33873,1
4877,1
65278,1
37983,1
85469,1
55438,1
4186,1
17349,1
7766,1
72890,1
79731,1
7146,1
92862,1
33686,1
112932,1
90601,1
20225,1
1450,1
66140,1
14974,1
44306,1
47457,1
20836,1
107961,1
105846,1
78630,1
45718,1
83634,1
103195,1
53207,1
4308,1
38173,1
50366,1
23638,1
11021,1
49269,1
47277,1
81565,1
25603,1
34599,1
16733,1
77707,1
24619,1
42031,1
66552,1
109811,1
22087,1
41135,1
32328,1
39985,1
20593,1
99287,1
105438,1
66080,1
42118,1
42428,1
113228,1
47591,1
68815,1
39789,1
105683,1
113909,1
89943,1
68392,1
1328,1
4927,1
39053,1
104533,1
89900,1
52638,1
32708,1
21161,1
42977,1
100693,1
38078,1
91924,1
101735,1
82139,1
102220,1
80809,1
67022,1
38816,1
100103,1
102910,1
65006,1
89993,1
365,1
75517,1
21102,1
57421,1
101710,1
36497,1
44018,1
53817,1
72587,1
13262,1
47433,1
102561,1
89571,1
72663,1
86091,1
110321,1
75581,1
30411,1
106286,1
29483,1
34695,1
55123,1
68978,1
15275,1
52955,1
84514,1
77043,1
56563,1
106820,1
111509,1
35259,1
76226,1
58140,1
46569,1
55241,1
35202,1
37495,1
38979,1
71249,1
34979,1
72952,1
90639,1
90665,1
44661,1
22570,1
45440,1
101243,1
24086,1
6421,1
56580,1
71725,1
43483,1
14698,1
98098,1
77424,1
15228,1
23374,1
77637,1
75774,1
45605,1
12004,1
24547,1
112029,1
97389,1
46156,1
13923,1
87626,1
69434,1
101072,1
59762,1
18347,1
33228,1
100110,1
22014,1
101071,1
61082,1
16899,1
45267,1
100490,1
45048,1
85952,1
92644,1
57929,1
49518,1
26460,1
36760,1
22098,1
100495,1
26738,1
13134,1
38903,1
51291,1
54562,1
110221,1
76399,1
40723,1
96134,1
102793,1
12788,1
90553,1
92092,1
41130,1
6074,1
113868,1
33218,1
37910,1
110589,1
85065,1
96822,1
59199,1
48152,1
61397,1
52397,1
22704,1
113418,1
70128,1
79133,1
110413,1
91307,1
18308,1
93996,1
6190,1
19446,1
102719,1
27617,1
108290,1
73667,1
102286,1
99726,1
4743,1
46734,1
64457,1
112875,1
16456,1
82546,1
29310,1
88084,1
104665,1
59436,1
61860,1
30949,1
55521,1
107298,1
101327,1
10595,1
63120,1
89447,1
13523,1
20877,1
77040,1
13387,1
64111,1
78390,1
42811,1
22664,1
28742,1
103010,1
41497,1
86426,1
17980,1
92756,1
98544,1
90836,1
39204,1
1331,1
18529,1
90391,1
76984,1
91860,1
33396,1
83253,1
56778,1
52986,1
33345,1
16955,1
81638,1
9028,1
67006,1
96820,1
75146,1
18235,1
23929,1
12948,1
110775,1
2414,1
113287,1
112558,1
52917,1
100458,1
13170,1
173,1
61176,1
95664,1
24901,1
40071,1
50019,1
78266,1
8457,1
110646,1
52790,1
101951,1
11027,1
111468,1
78219,1
113925,1
30380,1
81429,1
22685,1
19147,1
58215,1
65953,1
30334,1
48723,1
103117,1
725,1
69916,1
75198,1
41209,1
79090,1
4007,1
12386,1
92620,1
82075,1
79771,1
91529,1
9101,1
66007,1
30545,1
49172,1
36471,1
59405,1
31470,1
53563,1
8818,1
77044,1
82277,1
6325,1
69751,1
86265,1
22290,1
11251,1
28528,1
27244,1
88546,1
39790,1
67719,1
22512,1
62198,1
100166,1
81287,1
92856,1
105842,1
73972,1
36355,1
40843,1
43063,1
97084,1
48155,1
69535,1
48381,1
65541,1
1972,1
38859,1
22483,1
9809,1
18259,1
110307,1
60839,1
19575,1
77302,1
40040,1
85665,1
10799,1
44510,1
22652,1
72097,1
94067,1
66113,1
37272,1
52435,1
108410,1
16600,1
107428,1
38373,1
92363,1
58832,1
40989,1
78682,1
110569,1
29244,1
80014,1
21942,1
32432,1
1043,1
26293,1
61381,1
3640,1
31995,1
48595,1
20706,1
63746,1
110011,1
17296,1
14246,1
10542,1
112592,1
43347,1
40015,1
6800,1
17475,1
57549,1
57198,1
42638,1
32747,1
51126,1
58431,1
99718,1
47030,1
34081,1
58309,1
3350,1
78367,1
29352,1
58861,1
76691,1
88406,1
97783,1
18080,1
50195,1
50919,1
79590,1
69313,1
69502,1
26412,1
110536,1
101420,1
68043,1
76487,1
3826,1
11885,1
77894,1
54106,1
24875,1
68011,1
42073,1
1490,1
66867,1
20323,1
81186,1
17005,1
6806,1
57746,1
61514,1
19308,1
12809,1
111250,1
72924,1
40478,1
46576,1
97925,1
20909,1
26268,1
107232,1
59635,1
66580,1
9094,1
85915,1
102548,1
8452,1
64219,1
90033,1
81622,1
32411,1
9943,1
44682,1
20061,1
4318,1
50558,1
1817,1
63937,1
101062,1
44339,1
96055,1
22949,1
74007,1
16893,1
93615,1
28680,1
12981,1
20106,1
93330,1
63752,1
48632,1
9992,1
111065,1
39395,1
91511,1
14138,1
78224,1
701,1
437,1
61900,1
50810,1
39990,1
62820,1
112470,1
21882,1
48131,1
55904,1
51527,1
23117,1
6170,1
113680,1
19658,1
58792,1
46616,1
110847,1
111373,1
66599,1
104522,1
61226,1
38689,1
98632,1
107758,1
32373,1
98366,1
89901,1
10535,1
82926,1
97102,1
31276,1
51518,1
11909,1
30042,1
13643,1
20288,1
49699,1
48717,1
62206,1
61222,1
16534,1
27790,1
48430,1
103153,1
49801,1
80545,1
106228,1
68945,1
776,1
96406,1
87415,1
60906,1
74112,1
77681,1
59101,1
47368,1
20584,1
82809,1
64794,1
68040,1
14473,1
15372,1
15416,1
24532,1
35107,1
37592,1
85757,1
107512,1
92748,1
95552,1
35548,1
45786,1
27256,1
50200,1
77333,1
31623,1
96896,1
71552,1
38152,1
23661,1
36924,1
52883,1
23864,1
22286,1
110082,1
109774,1
67768,1
52531,1
58942,1
55145,1
55449,1
113565,1
23770,1
87113,1
31550,1
58003,1
103718,1
47811,1
48804,1
65956,1
32342,1
79633,1
70237,1
108515,1
102876,1
112198,1
42685,1
34468,1
103033,1
92888,1
37827,1
49750,1
78350,1
62038,1
63051,1
52459,1
79150,1
96721,1
13017,1
83351,1
88966,1
101240,1
19855,1
107688,1
98048,1
86276,1
66149,1
67583,1
56507,1
95132,1
3,1
48410,1
6145,1
13726,1
32586,1
17932,1
95648,1
57976,1
54402,1
109902,1
50008,1
1638,1
53647,1
95386,1
49064,1
28369,1
46393,1
91495,1
96934,1
99347,1
111087,1
56630,1
41455,1
24028,1
103743,1
19424,1
10348,1
17231,1
95160,1
103415,1
45459,1
105777,1
34094,1
47002,1
554,1
31075,1
25465,1
7583,1
77020,1
18110,1
85956,1
72748,1
17629,1
78536,1
92532,1
61093,1
51416,1
93386,1
3955,1
108763,1
7484,1
70725,1
63067,1
108165,1
18605,1
113941,1
3125,1
52714,1
15243,1
28795,1
77660,1
46588,1
30857,1
92506,1
26650,1
62324,1
16141,1
40763,1
3106,1
76750,1
77477,1
106300,1
99598,1
84751,1
8069,1
13410,1
112867,1
25788,1
47808,1
1084,1
20228,1
104893,1
82337,1
31218,1
55185,1
59390,1
42855,1
106344,1
97471,1
50024,1
54908,1
97062,1
99275,1
53056,1
18386,1
78055,1
85316,1
79204,1
95526,1
26394,1
5834,1
51970,1
50687,1
91032,1
63846,1
43431,1
6395,1
17038,1
101858,1
111757,1
78940,1
80798,1
36288,1
61169,1
63791,1
60248,1
102269,1
21512,1
78138,1
14753,1
16450,1
20127,1
82946,1
22328,1
91402,1
34784,1
60917,1
22589,1
88021,1
87646,1
22598,1
8655,1
43094,1
32622,1
16672,1
48277,1
11661,1
19409,1
103421,1
59608,1
19522,1
81534,1
82574,1
50355,1
42284,1
44323,1
97652,1
746,1
11924,1
15087,1
91050,1
44441,1
1262,1
45226,1
103975,1
24668,1
62368,1
2095,1
11302,1
10751,1
56322,1
55717,1
66964,1
65214,1
94304,1
77443,1
7040,1
38747,1
28292,1
26111,1
95209,1
81589,1
8470,1
74606,1
11695,1
38249,1
81759,1
6803,1
27972,1
107325,1
111798,1
37898,1
41441,1
108689,1
58873,1
15501,1
10803,1
72943,1
88271,1
55745,1
38104,1
45460,1
28772,1
85551,1
18553,1
55937,1
39243,1
87590,1
77108,1
65722,1
19048,1
24874,1
69583,1
80171,1
103024,1
54974,1
48700,1
107711,1
23729,1
84023,1
4740,1
75847,1
98001,1
65316,1
102631,1
103327,1
90746,1
31201,1
46195,1
90740,1
101125,1
57802,1
76400,1
29338,1
67064,1
49111,1
8104,1
26135,1
46961,1
106504,1
1533,1
8800,1
102537,1
114070,1
6541,1
67480,1
82956,1
80025,1
755,1
111668,1
55340,1
3615,1
93159,1
64054,1
26290,1
102860,1
27914,1
93964,1
99059,1
84699,1
109212,1
62191,1
33268,1
81056,1
5039,1
74983,1
30063,1
67878,1
101692,1
24698,1
112583,1
67460,1
104048,1
33213,1
62298,1
69400,1
23587,1
36768,1
42904,1
47259,1
95470,1
56252,1
14812,1
20049,1
85824,1
52903,1
109787,1
58291,1
74514,1
63211,1
1900,1
77886,1
35282,1
53910,1
39356,1
80563,1
113674,1
46902,1
74945,1
107348,1
18348,1
25779,1
140,1
45240,1
2744,1
28892,1
62576,1
65092,1
16999,1
65972,1
10781,1
33196,1
42292,1
58880,1
31971,1
86588,1
32155,1
85332,1
76227,1
54824,1
3625,1
4729,1
39450,1
100805,1
69489,1
15385,1
108419,1
17678,1
77591,1
26195,1
88889,1
56963,1
28793,1
43534,1
23288,1
57342,1
18836,1
24758,1
109144,1
20296,1
63888,1
3102,1
93850,1
91669,1
10510,1
77674,1
113798,1
92137,1
50143,1
20560,1
71452,1
69037,1
57692,1
14553,1
31036,1
59344,1
34972,1
76357,1
26773,1
56881,1
88490,1
79501,1
113304,1
26166,1
112973,1
3915,1
105560,1
68954,1
16080,1
97434,1
32249,1
6829,1
113374,1
51115,1
49516,1
11099,1
44548,1
23895,1
95322,1
31859,1
82071,1
62784,1
97978,1
18480,1
36539,1
27458,1
30565,1
62215,1
8491,1
64894,1
25985,1
34821,1
100844,1
71233,1
169,1
30122,1
86985,1
4493,1
26789,1
56051,1
90040,1
75953,1
29350,1
108768,1
73973,1
111823,1
25297,1
49509,1
98998,1
93656,1
19758,1
30114,1
66048,1
101884,1
51285,1
102874,1
17014,1
96869,1
57176,1
64740,1
109584,1
30820,1
4632,1
66187,1
99308,1
67588,1
58766,1
61009,1
55686,1
97270,1
43737,1
42013,1
85846,1
56300,1
34006,1
26755,1
93925,1
86075,1
95710,1
17675,1
56267,1
79631,1
34035,1
88647,1
51626,1
6485,1
84160,1
89223,1
27521,1
56283,1
7631,1
33853,1
91770,1
48895,1
61125,1
71149,1
36879,1
78263,1
105898,1
83395,1
59908,1
69995,1
111493,1
45060,1
108471,1
64142,1
71764,1
80735,1
9203,1
26847,1
22850,1
69513,1
80067,1
33655,1
75168,1
77694,1
78035,1
67385,1
34438,1
58077,1
67152,1
45291,1
90659,1
88112,1
29781,1
3146,1
13220,1
68832,1
38264,1
28799,1
113411,1
54882,1
75240,1
101989,1
87127,1
10744,1
93806,1
21812,1
62308,1
51961,1
54037,1
90579,1
84809,1
42964,1
87771,1
9182,1
85120,1
101892,1
98211,1
24516,1
9402,1
34708,1
79284,1
91926,1
69314,1
82631,1
8463,1
108687,1
68787,1
95532,1
93249,1
10737,1
82118,1
113723,1
80169,1
59243,1
110504,1
40902,1
22249,1
58039,1
8786,1
68353,1
3907,1
5701,1
97750,1
7062,1
36147,1
99646,1
81765,1
68663,1
94573,1
111545,1
58098,1
52613,1
78482,1
52086,1
22895,1
109535,1
102952,1
4211,1
109821,1
102338,1
32729,1
113594,1
21043,1
53426,1
89503,1
49766,1
75098,1
111422,1
9883,1
3438,1
91960,1
28749,1
82100,1
70316,1
102497,1
38424,1
37540,1
76294,1
57123,1
105754,1
32556,1
74730,1
32796,1
58131,1
86609,1
13535,1
14854,1
14637,1
28918,1
88467,1
100146,1
68239,1
103290,1
12149,1
72871,1
56603,1
73621,1
16159,1
16155,1
102490,1
4275,1
63720,1
64743,1
6027,1
59870,1
8290,1
20329,1
99800,1
7347,1
38401,1
31223,1
16063,1
23476,1
91165,1
22362,1
51512,1
92254,1
105070,1
46817,1
99739,1
12594,1
50859,1
105613,1
59791,1
78047,1
104751,1
71768,1
109553,1
109916,1
47275,1
100941,1
70023,1
109895,1
41293,1
11599,1
92146,1
91564,1
100392,1
85679,1
81767,1
49911,1
42070,1
34144,1
18280,1
21068,1
69133,1
17585,1
70578,1
81279,1
50040,1
18199,1
110026,1
91586,1
27077,1
44081,1
108163,1
5737,1
13974,1
40356,1
8826,1
28938,1
79279,1
38648,1
15632,1
2677,1
79613,1
3688,1
14465,1
3230,1
30554,1
75835,1
5562,1
34485,1
44679,1
58540,1
63090,1
85264,1
76928,1
31803,1
5695,1
77009,1
5172,1
21733,1
78239,1
38568,1
55999,1
4316,1
49213,1
55678,1
86346,1
106679,1
83622,1
92091,1
7485,1
60284,1
70731,1
73703,1
32833,1
102531,1
17004,1
17326,1
57073,1
64557,1
113031,1
109441,1
69168,1
93587,1
37926,1
39220,1
94794,1
104254,1
8401,1
62606,1
40634,1
7728,1
69896,1
59203,1
15405,1
51991,1
74899,1
75518,1
53118,1
84457,1
47983,1
83478,1
48006,1
104350,1
23690,1
67020,1
112581,1
94973,1
34622,1
91414,1
86648,1
90035,1
92455,1
3458,1
97733,1
110305,1
58034,1
111454,1
11496,1
25727,1
12662,1
85178,1
21178,1
68099,1
18462,1
56997,1
59052,1
81230,1
36421,1
23657,1
4496,1
105882,1
109050,1
18370,1
5403,1
102577,1
110570,1
757,1
78518,1
79815,1
107086,1
43197,1
94093,1
95424,1
108745,1
17539,1
76356,1
68794,1
14036,1
104875,1
55804,1
71563,1
40708,1
76369,1
30253,1
2646,1
61306,1
64675,1
66030,1
113725,1
106229,1
88930,1
32390,1
65309,1
82248,1
90842,1
54567,1
62265,1
42551,1
108234,1
53823,1
94923,1
20389,1
75981,1
307,1
62323,1
111999,1
74487,1
25198,1
19431,1
82029,1
18072,1
68001,1
108958,1
57839,1
1194,1
4721,1
85677,1
63740,1
21811,1
22798,1
19377,1
47100,1
66420,1
29132,1
35154,1
74438,1
41137,1
6233,1
30205,1
950,1
53737,1
8531,1
1106,1
58704,1
47311,1
107707,1
111937,1
108708,1
69929,1
12794,1
14414,1
4324,1
48795,1
9010,1
21111,1
48356,1
23568,1
109131,1
47596,1
78573,1
63112,1
86631,1
107822,1
35388,1
16705,1
50017,1
89166,1
93430,1
55389,1
54353,1
80526,1
29364,1
86800,1
62316,1
44203,1
20966,1
86248,1
45,1
85389,1
1956,1
112758,1
41936,1
111276,1
23085,1
98476,1
1850,1
102202,1
37250,1
66096,1
31265,1
101282,1
33089,1
28583,1
53292,1
110419,1
41179,1
28843,1
58919,1
38352,1
53755,1
6954,1
42323,1
64816,1
81926,1
111068,1
53581,1
1351,1
15266,1
67582,1
67921,1
111162,1
19871,1
9685,1
53869,1
3244,1
69287,1
92527,1
106009,1
31668,1
81919,1
81155,1
76762,1
30921,1
72106,1
27729,1
67995,1
71940,1
15915,1
82947,1
48186,1
77385,1
16069,1
88485,1
78784,1
96803,1
23178,1
68050,1
24713,1
49636,1
70971,1
34698,1
69126,1
90725,1
79584,1
100261,1
57469,1
52424,1
50794,1
93116,1
108371,1
104180,1
68968,1
83289,1
67686,1
11724,1
38414,1
32551,1
87425,1
112969,1
90936,1
10254,1
95474,1
27357,1
109427,1
12250,1
24024,1
105860,1
64361,1
105156,1
1708,1
61712,1
103243,1
56092,1
34547,1
13205,1
51332,1
52746,1
31302,1
26185,1
3834,1
93620,1
93328,1
3042,1
97530,1
57939,1
36956,1
28141,1
105455,1
32263,1
33932,1
45152,1
7826,1
72367,1
32065,1
9105,1
49834,1
108406,1
50813,1
10698,1
18311,1
110665,1
15835,1
44537,1
106421,1
101295,1
45376,1
33992,1
95353,1
106621,1
10050,1
23044,1
19379,1
112078,1
63567,1
8534,1
100334,1
60785,1
18774,1
113443,1
24438,1
49238,1
8975,1
25957,1
37546,1
113729,1
84679,1
13331,1
102739,1
113125,1
57423,1
38929,1
39805,1
101367,1
90365,1
7590,1
35504,1
39794,1
113484,1
23452,1
97882,1
87072,1
53588,1
34567,1
88161,1
10533,1
22738,1
37632,1
1335,1
103124,1
18339,1
32772,1
33270,1
105473,1
46864,1
14973,1
46284,1
60903,1
111783,1
66532,1
6483,1
33377,1
109520,1
10303,1
101777,1
79417,1
28105,1
71657,1
57785,1
14234,1
111754,1
46723,1
69980,1
75725,1
57448,1
2906,1
72394,1
75008,1
87201,1
97380,1
7977,1
21255,1
43943,1
74226,1
25835,1
49629,1
106946,1
104782,1
82220,1
75882,1
18039,1
14063,1
24694,1
85102,1
46740,1
84365,1
13551,1
76091,1
29507,1
104460,1
37809,1
21639,1
112870,1
27867,1
40939,1
86601,1
37077,1
101553,1
59884,1
98995,1
92390,1
14842,1
45503,1
18497,1
64919,1
110271,1
89232,1
109093,1
23369,1
14961,1
109610,1
87983,1
31430,1
13637,1
33967,1
4349,1
64109,1
40548,1
47514,1
40455,1
12402,1
35367,1
88633,1
30173,1
94465,1
42741,1
82961,1
5902,1
23522,1
95733,1
65202,1
105807,1
84112,1
104694,1
97869,1
87917,1
98938,1
61992,1
81984,1
29780,1
96246,1
41360,1
60937,1
31287,1
75900,1
83824,1
12791,1
94104,1
111,1
27003,1
110299,1
50417,1
112358,1
89704,1
93113,1
46981,1
102303,1
76344,1
63256,1
94505,1
34965,1
30613,1
67105,1
107719,1
104252,1
107353,1
81150,1
113343,1
28739,1
26307,1
39553,1
76189,1
83573,1
52150,1
62591,1
13181,1
37395,1
12377,1
113888,1
80568,1
7561,1
84634,1
44898,1
16726,1
35322,1
74140,1
50807,1
35127,1
95780,1
17120,1
2195,1
58681,1
107385,1
93913,1
67566,1
94668,1
51367,1
98599,1
15236,1
86678,1
84319,1
69349,1
111414,1
95671,1
10306,1
84914,1
89359,1
17526,1
85136,1
111631,1
40571,1
107197,1
21829,1
27129,1
38826,1
80026,1
36698,1
13103,1
4810,1
84098,1
62973,1
83553,1
16674,1
93089,1
51017,1
63035,1
17564,1
2058,1
39742,1
85493,1
100096,1
23603,1
35736,1
61020,1
111764,1
62501,1
18213,1
29716,1
68424,1
38374,1
101672,1
104857,1
85800,1
18549,1
92107,1
48142,1
62666,1
69333,1
21215,1
30974,1
89239,1
16326,1
7655,1
107638,1
47719,1
69812,1
86001,1
110453,1
77889,1
81852,1
89956,1
31415,1
14996,1
92207,1
32548,1
10134,1
51063,1
31754,1
76457,1
42719,1
43589,1
38867,1
11523,1
53853,1
39948,1
89762,1
24642,1
98974,1
36801,1
84050,1
69081,1
92425,1
58860,1
81684,1
63518,1
86022,1
15954,1
32517,1
70059,1
40891,1
97151,1
8077,1
90063,1
112234,1
79359,1
43317,1
33,1
98460,1
49581,1
60265,1
57761,1
58362,1
45418,1
27323,1
4550,1
42818,1
27690,1
44931,1
52477,1
106764,1
102837,1
52094,1
49454,1
40086,1
71057,1
64528,1
102993,1
6213,1
10757,1
80053,1
80248,1
42138,1
110292,1
43691,1
48110,1
61086,1
41117,1
84935,1
44439,1
8650,1
79335,1
94733,1
12962,1
98715,1
78799,1
88721,1
66517,1
92563,1
51660,1
26184,1
18576,1
15262,1
39016,1
72576,1
15159,1
66487,1
3653,1
60412,1
106225,1
113371,1
110557,1
100200,1
48313,1
98717,1
103053,1
97331,1
81642,1
17936,1
38552,1
51345,1
101408,1
12503,1
21020,1
61606,1
55892,1
44884,1
105456,1
102826,1
89611,1
19762,1
32785,1
107690,1
82364,1
99610,1
63123,1
107250,1
7147,1
31606,1
99309,1
24714,1
30940,1
71888,1
50211,1
112892,1
16324,1
55084,1
90169,1
79553,1
54921,1
61386,1
94795,1
15457,1
94571,1
95051,1
76171,1
57478,1
57330,1
105459,1
21880,1
13163,1
46645,1
15174,1
58665,1
103476,1
11808,1
97206,1
58756,1
4309,1
98436,1
112975,1
191,1
67322,1
72773,1
74885,1
28220,1
21355,1
15066,1
86354,1
1489,1
32848,1
5856,1
97966,1
107055,1
77064,1
25452,1
109617,1
1720,1
47283,1
59579,1
16328,1
51137,1
72113,1
47919,1
103925,1
18163,1
13157,1
110603,1
84272,1
92179,1
2283,1
7646,1
49925,1
27375,1
96195,1
82893,1
33425,1
82004,1
63015,1
81521,1
25962,1
48485,1
7260,1
64754,1
69382,1
73802,1
64742,1
65203,1
23584,1
75723,1
16367,1
69002,1
98387,1
53381,1
37840,1
108697,1
73081,1
86299,1
26292,1
28330,1
83497,1
5060,1
84032,1
574,1
43937,1
48968,1
49599,1
68483,1
47350,1
13367,1
20652,1
74769,1
110729,1
44260,1
101237,1
10307,1
38625,1
61185,1
68298,1
61330,1
9823,1
25467,1
74616,1
13801,1
80590,1
6396,1
90395,1
35003,1
102944,1
104462,1
111883,1
96139,1
113551,1
103873,1
27527,1
52437,1
83400,1
65146,1
93389,1
64591,1
43509,1
98411,1
78048,1
28956,1
54533,1
71727,1
110263,1
20003,1
67422,1
31507,1
36262,1
32651,1
63383,1
41401,1
111185,1
36914,1
78542,1
65102,1
59402,1
23099,1
68947,1
61187,1
79256,1
1781,1
55639,1
92904,1
83510,1
93521,1
60323,1
103784,1
23812,1
70396,1
96018,1
65872,1
86622,1
63019,1
60048,1
7460,1
44912,1
109184,1
29265,1
59145,1
38300,1
33600,1
36590,1
75921,1
68886,1
90482,1
82232,1
7649,1
22176,1
85651,1
89573,1
102476,1
89001,1
83560,1
21340,1
47835,1
8006,1
17605,1
57327,1
5599,1
59016,1
54897,1
21129,1
98653,1
109684,1
36449,1
27697,1
43715,1
55861,1
27224,1
57538,1
2619,1
112154,1
9053,1
15209,1
85249,1
52125,1
24537,1
17815,1
56079,1
30698,1
24896,1
109060,1
32131,1
104959,1
98809,1
92157,1
77900,1
3209,1
12424,1
86178,1
5747,1
99438,1
105717,1
94762,1
27836,1
57700,1
41108,1
110326,1
15411,1
1077,1
38975,1
15825,1
63550,1
26529,1
64718,1
32382,1
13308,1
83142,1
54770,1
55146,1
87966,1
41448,1
6760,1
97285,1
26410,1
23428,1
97243,1
101498,1
69021,1
74772,1
57674,1
107320,1
100213,1
110657,1
17157,1
110958,1
66153,1
58452,1
36009,1
16738,1
57209,1
679,1
82336,1
30968,1
37534,1
74635,1
67492,1
110573,1
22030,1
6580,1
4497,1
8070,1
94639,1
56376,1
103014,1
67350,1
45458,1
72454,1
61745,1
104218,1
4601,1
16612,1
79580,1
31504,1
4342,1
11487,1
91748,1
36492,1
62144,1
96211,1
65911,1
36984,1
98345,1
73775,1
58008,1
20587,1
43539,1
111092,1
77524,1
24224,1
63037,1
23744,1
68331,1
18450,1
62196,1
3370,1
4651,1
19335,1
71975,1
100066,1
100332,1
5418,1
22245,1
17187,1
111809,1
66924,1
72187,1
71559,1
22517,1
106891,1
31472,1
79643,1
106875,1
19654,1
29466,1
112228,1
33374,1
22439,1
91627,1
41250,1
7633,1
66808,1
43575,1
109524,1
90919,1
82196,1
7694,1
48434,1
28719,1
9825,1
108016,1
68510,1
8047,1
54568,1
61097,1
31533,1
24269,1
25958,1
34537,1
21184,1
104035,1
103332,1
67086,1
92790,1
83960,1
92885,1
90595,1
104912,1
43970,1
110183,1
101625,1
108202,1
53525,1
18223,1
2603,1
72302,1
21391,1
9026,1
27262,1
112565,1
58282,1
103656,1
113405,1
18182,1
78049,1
34136,1
27497,1
47632,1
61545,1
5201,1
46987,1
44850,1
3754,1
22164,1
89060,1
69714,1
84819,1
107355,1
95882,1
56472,1
89582,1
24141,1
83070,1
86763,1
28412,1
102467,1
104741,1
59818,1
8552,1
76172,1
36413,1
73898,1
14379,1
30599,1
15675,1
16344,1
70856,1
71447,1
51022,1
75994,1
32766,1
14148,1
29865,1
14835,1
11323,1
18896,1
22310,1
114071,1
82787,1
110421,1
14061,1
4264,1
94550,1
87160,1
46392,1
67780,1
59416,1
78115,1
86080,1
57868,1
102094,1
44324,1
18042,1
43941,1
106835,1
56909,1
18461,1
42391,1
86027,1
41561,1
112658,1
93347,1
19007,1
64821,1
54580,1
85934,1
7750,1
16778,1
14208,1
28358,1
97480,1
35867,1
35448,1
78119,1
25265,1
90826,1
39022,1
46459,1
105229,1
26127,1
84081,1
88478,1
3272,1
104429,1
69441,1
86221,1
11825,1
26925,1
51873,1
29357,1
24925,1
58044,1
102411,1
96082,1
54971,1
103880,1
18940,1
56150,1
55517,1
96160,1
50490,1
69257,1
50482,1
50764,1
50633,1
29692,1
75325,1
82378,1
28506,1
13,1
39444,1
89662,1
24374,1
26272,1
14193,1
101592,1
42935,1
105474,1
93212,1
25796,1
36337,1
90905,1
9376,1
72926,1
31942,1
62829,1
99211,1
84351,1
70201,1
63652,1
35554,1
31862,1
74324,1
61928,1
47326,1
1894,1
75394,1
53517,1
112043,1
97485,1
63949,1
89909,1
489,1
102658,1
97460,1
33513,1
16248,1
70320,1
43724,1
110051,1
83500,1
57130,1
39062,1
3490,1
65474,1
30814,1
92869,1
104935,1
99969,1
35115,1
1775,1
47993,1
88320,1
78478,1
62838,1
71778,1
104919,1
71131,1
16892,1
82685,1
66986,1
8576,1
27451,1
9963,1
79491,1
35503,1
102979,1
46666,1
42860,1
15676,1
96288,1
67128,1
422,1
52011,1
63239,1
41651,1
91452,1
34057,1
37104,1
13009,1
95954,1
108729,1
46656,1
2845,1
55776,1
76450,1
38643,1
3650,1
24495,1
84493,1
41864,1
87886,1
71192,1
111148,1
53449,1
101423,1
15559,1
25380,1
76555,1
110198,1
104941,1
96957,1
65046,1
43487,1
82264,1
69529,1
12815,1
10783,1
100774,1
34457,1
4383,1
55903,1
16643,1
26517,1
68710,1
101215,1
16853,1
105387,1
77392,1
75305,1
56418,1
104806,1
92304,1
24473,1
2711,1
67638,1
30213,1
58430,1
95759,1
103346,1
12256,1
66659,1
77992,1
28066,1
112365,1
62481,1
49164,1
46499,1
38883,1
95466,1
62807,1
28381,1
36384,1
51433,1
105129,1
45809,1
65682,1
28984,1
82964,1
60930,1
12776,1
10604,1
93403,1
102023,1
59772,1
58118,1
70870,1
42872,1
85718,1
22074,1
99592,1
27808,1
92824,1
81581,1
3291,1
33718,1
101302,1
10490,1
73185,1
44817,1
49786,1
52241,1
87555,1
11401,1
103147,1
86934,1
41333,1
97444,1
58058,1
61104,1
29063,1
58934,1
22654,1
20382,1
109583,1
25484,1
38939,1
16956,1
2363,1
79255,1
5894,1
31260,1
51642,1
51567,1
38322,1
31335,1
63129,1
18094,1
21257,1
55578,1
7596,1
91953,1
32931,1
108247,1
9836,1
32406,1
106597,1
43229,1
110429,1
27059,1
49561,1
42307,1
51603,1
105627,1
16110,1
35911,1
15571,1
11680,1
20025,1
36908,1
71370,1
8467,1
26028,1
110732,1
47074,1
32077,1
58200,1
13797,1
106745,1
5444,1
67386,1
101790,1
12448,1
97685,1
71261,1
96812,1
5746,1
59232,1
27000,1
69804,1
24958,1
78595,1
52349,1
98866,1
36983,1
67645,1
50192,1
102919,1
106359,1
40114,1
63500,1
70411,1
48162,1
107459,1
65030,1
87932,1
79913,1
49436,1
35524,1
25285,1
11976,1
71296,1
70153,1
59120,1
107256,1
112133,1
35096,1
67704,1
8464,1
86053,1
94235,1
15152,1
77910,1
56842,1
113354,1
82725,1
101186,1
81577,1
17400,1
67356,1
79550,1
18123,1
26704,1
13164,1
65684,1
60451,1
18085,1
107590,1
47169,1
55099,1
20145,1
66064,1
17647,1
85856,1
12627,1
22476,1
11141,1
4896,1
109110,1
2292,1
109632,1
71991,1
28953,1
98686,1
8678,1
10764,1
18713,1
104102,1
95311,1
25173,1
15422,1
24492,1
75142,1
87611,1
78317,1
71428,1
92739,1
25156,1
5899,1
76384,1
45663,1
37704,1
91397,1
102082,1
94851,1
43308,1
62225,1
11987,1
43429,1
23948,1
64641,1
25080,1
91942,1
33555,1
101026,1
48566,1
59537,1
34906,1
75912,1
10174,1
48191,1
99483,1
11194,1
12686,1
54791,1
60313,1
23308,1
45507,1
20113,1
74659,1
28462,1
36614,1
103525,1
39958,1
106321,1
100786,1
20875,1
41473,1
27383,1
65864,1
61248,1
1937,1
30110,1
46429,1
39895,1
90373,1
44069,1
104314,1
106495,1
26832,1
18466,1
52945,1
98419,1
28761,1
71887,1
84701,1
31723,1
109293,1
67075,1
42106,1
69111,1
77655,1
39840,1
72325,1
1323,1
23268,1
3889,1
47783,1
50661,1
10261,1
85993,1
1865,1
58213,1
61537,1
34938,1
4731,1
26824,1
98525,1
88768,1
19384,1
109124,1
53073,1
73715,1
90834,1
30757,1
8497,1
52250,1
88586,1
28672,1
113232,1
107279,1
25673,1
32433,1
32815,1
11404,1
45669,1
86963,1
89483,1
15203,1
43494,1
85691,1
718,1
35879,1
90708,1
106199,1
90635,1
43711,1
80967,1
91701,1
61921,1
12367,1
105468,1
5997,1
33837,1
92736,1
43974,1
89070,1
50684,1
15513,1
60125,1
64884,1
84974,1
31789,1
102949,1
110437,1
44764,1
48654,1
81572,1
6649,1
17653,1
71507,1
46353,1
20787,1
87635,1
110119,1
22391,1
90528,1
8677,1
77481,1
99988,1
87610,1
74159,1
106443,1
109087,1
97302,1
27599,1
68122,1
109510,1
75686,1
59181,1
64735,1
28558,1
54945,1
77486,1
40953,1
40845,1
92404,1
77961,1
104078,1
55305,1
57699,1
62737,1
83186,1
97245,1
76065,1
27518,1
110067,1
38188,1
91588,1
91970,1
40507,1
33253,1
106211,1
5404,1
71795,1
36429,1
106499,1
18482,1
19000,1
74796,1
96656,1
49333,1
110739,1
45686,1
98706,1
31134,1
62545,1
19292,1
64095,1
107946,1
106669,1
46630,1
86684,1
24814,1
104676,1
96022,1
65873,1
93969,1
84444,1
59261,1
37778,1
27112,1
94703,1
98065,1
76419,1
3300,1
92141,1
58120,1
35983,1
32110,1
88913,1
66541,1
96460,1
22431,1
16796,1
24835,1
901,1
63013,1
104398,1
12029,1
38471,1
87259,1
13812,1
25992,1
87486,1
33560,1
58242,1
84275,1
27866,1
82228,1
25542,1
25410,1
55293,1
110976,1
75162,1
37655,1
63225,1
84519,1
77612,1
58125,1
17639,1
74908,1
99413,1
80024,1
35620,1
54736,1
78969,1
8109,1
71667,1
82053,1
43437,1
47492,1
95411,1
105314,1
14511,1
71605,1
106246,1
89181,1
68404,1
92432,1
46514,1
60225,1
61494,1
63454,1
45341,1
28077,1
21183,1
99856,1
7571,1
91409,1
105884,1
51105,1
60172,1
64879,1
105124,1
29094,1
80188,1
65043,1
84488,1
90242,1
87504,1
109562,1
29283,1
47142,1
82395,1
62000,1
35818,1
105353,1
46980,1
111973,1
63421,1
13868,1
88004,1
39057,1
66264,1
60598,1
55497,1
47487,1
80946,1
72824,1
95708,1
43867,1
5236,1
5995,1
57199,1
58384,1
85363,1
56897,1
81872,1
2802,1
113057,1
11391,1
38792,1
44857,1
66994,1
32145,1
770,1
44508,1
59335,1
14634,1
110530,1
99607,1
3307,1
28891,1
91246,1
28677,1
74167,1
71302,1
49402,1
83388,1
20582,1
92597,1
48196,1
49762,1
20901,1
91267,1
92892,1
79953,1
49887,1
76696,1
104182,1
94159,1
83442,1
52766,1
78292,1
60820,1
74406,1
93240,1
10897,1
73209,1
103511,1
42978,1
12874,1
74199,1
10911,1
113419,1
108302,1
31742,1
55017,1
7366,1
60399,1
15435,1
3298,1
90869,1
105940,1
32214,1
33053,1
63604,1
77867,1
106276,1
110332,1
11427,1
41596,1
37295,1
65617,1
84234,1
8577,1
20674,1
6980,1
99087,1
14252,1
31847,1
66270,1
2690,1
105160,1
103347,1
736,1
109356,1
27252,1
73903,1
113151,1
23779,1
77359,1
104571,1
9886,1
90287,1
103423,1
62306,1
66942,1
1754,1
22155,1
31798,1
95503,1
73997,1
97748,1
106142,1
28374,1
45778,1
94314,1
89504,1
30902,1
2769,1
74603,1
48360,1
75902,1
97634,1
109411,1
34605,1
63607,1
107574,1
43751,1
85587,1
80552,1
103080,1
43288,1
48258,1
61911,1
111214,1
55945,1
30390,1
34910,1
89381,1
44649,1
31684,1
107924,1
20570,1
36785,1
106768,1
102500,1
22698,1
64407,1
46839,1
36032,1
87585,1
54982,1
55291,1
80926,1
81200,1
45004,1
75724,1
83503,1
101021,1
47614,1
11414,1
69880,1
99050,1
31420,1
9957,1
111591,1
38372,1
24730,1
55515,1
63007,1
43368,1
4107,1
96313,1
90938,1
25940,1
29480,1
40749,1
106980,1
76117,1
66458,1
63472,1
77785,1
29502,1
99072,1
46002,1
106392,1
50725,1
70595,1
70890,1
13925,1
41804,1
23858,1
86437,1
30384,1
47603,1
108961,1
6765,1
20294,1
103736,1
78972,1
75480,1
98665,1
22012,1
105462,1
13135,1
104246,1
73982,1
51045,1
86899,1
106965,1
11770,1
51220,1
92298,1
3494,1
7610,1
78854,1
56137,1
26067,1
69112,1
99421,1
4049,1
98180,1
108396,1
44602,1
68276,1
56688,1
108335,1
34613,1
64779,1
21476,1
8090,1
14307,1
108769,1
11843,1
99494,1
65882,1
87662,1
89121,1
9766,1
30131,1
74724,1
12066,1
90751,1
86878,1
105696,1
108531,1
108625,1
19608,1
83815,1
51234,1
9548,1
66600,1
50914,1
101593,1
36718,1
15993,1
12655,1
53921,1
37864,1
84306,1
16480,1
59058,1
78629,1
18567,1
94533,1
77929,1
26349,1
101232,1
46785,1
58258,1
50265,1
51800,1
15744,1
101980,1
70514,1
71085,1
71906,1
71419,1
29036,1
39854,1
66882,1
54112,1
43032,1
100501,1
12381,1
3689,1
90943,1
15752,1
53303,1
110190,1
93091,1
43367,1
6424,1
41277,1
6221,1
111950,1
71771,1
95594,1
82135,1
9191,1
9259,1
33883,1
35363,1
17355,1
100853,1
101821,1
51706,1
95069,1
30362,1
54397,1
109281,1
80178,1
31755,1
29630,1
101328,1
106662,1
97706,1
73930,1
82306,1
37103,1
87994,1
89115,1
82906,1
76442,1
41759,1
59278,1
14981,1
109966,1
34588,1
7134,1
87536,1
23724,1
6004,1
34049,1
100976,1
92152,1
57393,1
13273,1
82356,1
49519,1
75891,1
66847,1
107875,1
39703,1
51996,1
48997,1
78565,1
35713,1
68681,1
53027,1
30592,1
68720,1
7338,1
106221,1
110473,1
77560,1
14487,1
63180,1
9624,1
1700,1
77260,1
70761,1
88559,1
56758,1
101448,1
101306,1
11103,1
95842,1
30482,1
13295,1
74232,1
89511,1
112491,1
51389,1
13212,1
17387,1
41898,1
58017,1
64543,1
45453,1
83578,1
14704,1
14633,1
92469,1
11573,1
95423,1
71377,1
9195,1
38107,1
34416,1
33747,1
84646,1
105539,1
68210,1
4204,1
105607,1
23233,1
44816,1
38802,1
46470,1
79081,1
352,1
20208,1
81237,1
84132,1
102858,1
101628,1
6903,1
68291,1
74305,1
106102,1
36111,1
75869,1
58161,1
91864,1
110956,1
103256,1
35686,1
32911,1
64306,1
15819,1
108521,1
21954,1
84131,1
65870,1
9054,1
72324,1
81918,1
29289,1
54650,1
16121,1
77439,1
56747,1
71051,1
68891,1
107067,1
23239,1
24317,1
105437,1
62372,1
29000,1
34583,1
66717,1
92740,1
104406,1
34347,1
52058,1
85502,1
9118,1
81266,1
72682,1
16147,1
952,1
89799,1
14581,1
39234,1
17172,1
4951,1
66991,1
16156,1
53802,1
48236,1
3500,1
4819,1
58263,1
5929,1
57625,1
29797,1
88946,1
10888,1
48316,1
65120,1
14159,1
109661,1
21511,1
26810,1
15221,1
83239,1
101459,1
80392,1
8249,1
109696,1
59675,1
82110,1
111364,1
63744,1
25930,1
100588,1
36909,1
3613,1
83207,1
31064,1
98643,1
96953,1
23519,1
71741,1
32673,1
49468,1
113910,1
81017,1
105774,1
78032,1
1443,1
45425,1
10834,1
101009,1
46438,1
58379,1
40466,1
113248,1
19993,1
31522,1
49584,1
21386,1
101149,1
84643,1
12467,1
78831,1
109080,1
45665,1
73194,1
40962,1
2384,1
19570,1
36932,1
91753,1
54521,1
75151,1
56493,1
107145,1
43568,1
65204,1
99871,1
28860,1
53080,1
103515,1
17695,1
29447,1
61404,1
11040,1
45540,1
36441,1
92916,1
42677,1
112582,1
71655,1
70882,1
51815,1
32402,1
111157,1
78211,1
2235,1
28232,1
102345,1
32059,1
88044,1
54762,1
68861,1
100614,1
102032,1
39817,1
65922,1
2301,1
17328,1
54907,1
62119,1
98379,1
14014,1
37802,1
83389,1
50607,1
91260,1
52240,1
69558,1
83227,1
110433,1
57768,1
110086,1
80685,1
100331,1
96892,1
7261,1
30518,1
111860,1
95494,1
34241,1
97255,1
37943,1
89274,1
51585,1
8479,1
110745,1
91129,1
54010,1
20958,1
82905,1
31468,1
16647,1
7226,1
49582,1
55263,1
96506,1
100097,1
86036,1
100553,1
2707,1
80049,1
104997,1
82727,1
71142,1
10964,1
27546,1
44435,1
10228,1
98647,1
102754,1
20359,1
47625,1
10918,1
45072,1
111519,1
92000,1
107339,1
113788,1
69970,1
106548,1
44380,1
101437,1
110464,1
56090,1
36411,1
105482,1
25408,1
6592,1
107820,1
80844,1
41521,1
30912,1
51008,1
104491,1
4389,1
79730,1
77164,1
100063,1
50536,1
85345,1
104432,1
24903,1
45487,1
66175,1
51233,1
104496,1
45212,1
98129,1
44185,1
57289,1
108897,1
113525,1
109471,1
85340,1
46924,1
57158,1
107191,1
32219,1
99118,1
52698,1
97235,1
85762,1
26744,1
104224,1
25038,1
20639,1
78014,1
52188,1
62632,1
17341,1
15188,1
79926,1
54815,1
52995,1
8240,1
74954,1
95628,1
67543,1
106355,1
7987,1
112878,1
28539,1
4161,1
23378,1
31315,1
23731,1
5898,1
50139,1
39653,1
48630,1
8716,1
78779,1
90574,1
36278,1
28241,1
42175,1
23891,1
47779,1
91531,1
13673,1
113039,1
26472,1
62327,1
15667,1
102335,1
110902,1
4684,1
57408,1
10537,1
64210,1
31731,1
85936,1
93259,1
22883,1
70754,1
29980,1
107174,1
111614,1
62761,1
95152,1
31531,1
60559,1
443,1
1555,1
92133,1
60955,1
108353,1
24299,1
109993,1
46478,1
104161,1
31594,1
9412,1
88716,1
46128,1
9040,1
28805,1
110116,1
9058,1
42569,1
27979,1
8336,1
72843,1
79294,1
100385,1
92463,1
90566,1
102652,1
20861,1
68935,1
45858,1
39227,1
57380,1
40449,1
78079,1
44687,1
61423,1
41681,1
55909,1
17402,1
108675,1
7782,1
3739,1
93914,1
6832,1
49160,1
27208,1
51030,1
51317,1
104187,1
29651,1
31681,1
79087,1
97128,1
100431,1
5860,1
71021,1
46197,1
88388,1
87699,1
38328,1
74277,1
86941,1
2222,1
82468,1
56032,1
11823,1
14404,1
14773,1
104163,1
41620,1
59034,1
30005,1
43815,1
68524,1
16335,1
105467,1
53,1
34016,1
43119,1
33006,1
35068,1
81283,1
94956,1
64635,1
53344,1
74451,1
77870,1
64493,1
107224,1
81537,1
44707,1
97663,1
21960,1
6103,1
33739,1
11241,1
70530,1
20220,1
33721,1
61189,1
16575,1
43492,1
1752,1
81358,1
82939,1
75991,1
80935,1
22185,1
72960,1
63580,1
110294,1
39610,1
80411,1
30612,1
57384,1
13725,1
36274,1
4859,1
66039,1
105843,1
82602,1
78410,1
113766,1
44624,1
40563,1
2954,1
5775,1
67724,1
77593,1
4520,1
32092,1
96266,1
91558,1
27146,1
53298,1
39069,1
49280,1
58611,1
21514,1
88361,1
26725,1
71638,1
52340,1
85801,1
80057,1
96283,1
22997,1
60081,1
51480,1
30147,1
100175,1
24487,1
111132,1
1285,1
16278,1
100856,1
92335,1
101891,1
69091,1
62015,1
93459,1
4215,1
28093,1
25363,1
89476,1
7916,1
74955,1
46583,1
55387,1
97650,1
49262,1
14240,1
55486,1
48128,1
22930,1
43167,1
98055,1
106438,1
6590,1
49709,1
92732,1
42079,1
33870,1
78039,1
4875,1
38415,1
51393,1
106806,1
7695,1
40267,1
58505,1
32930,1
20699,1
52861,1
78253,1
49090,1
26434,1
49865,1
20912,1
45393,1
110417,1
20489,1
113485,1
112254,1
50373,1
52506,1
25149,1
111188,1
61372,1
29934,1
91584,1
8557,1
16910,1
109784,1
8709,1
75316,1
84558,1
51168,1
68343,1
104721,1
50744,1
75391,1
18572,1
56066,1
112466,1
54465,1
102244,1
60659,1
96958,1
112398,1
5429,1
84754,1
675,1
25396,1
77600,1
65159,1
106928,1
49920,1
35498,1
103469,1
104174,1
64495,1
26780,1
24890,1
98663,1
14803,1
68525,1
74555,1
61090,1
106557,1
39108,1
71595,1
66219,1
76510,1
101988,1
59669,1
98303,1
52637,1
79732,1
57644,1
104691,1
92881,1
99457,1
890,1
29617,1
59401,1
105447,1
42296,1
71494,1
90757,1
26898,1
5983,1
527,1
16341,1
80850,1
56840,1
29179,1
21711,1
11142,1
55299,1
78541,1
79848,1
47375,1
103417,1
71601,1
113588,1
53156,1
65591,1
32043,1
73193,1
55837,1
57394,1
767,1
37677,1
48808,1
27613,1
112830,1
75885,1
80727,1
29482,1
60938,1
96829,1
36391,1
69293,1
90489,1
8168,1
107233,1
45629,1
82515,1
41309,1
59598,1
45150,1
34017,1
66728,1
1004,1
86414,1
106511,1
84913,1
17684,1
85955,1
7609,1
95890,1
40525,1
94208,1
22975,1
13889,1
94344,1
97373,1
45581,1
50088,1
40207,1
92417,1
74311,1
60492,1
78959,1
87695,1
73049,1
92559,1
30337,1
40651,1
45617,1
52687,1
106196,1
40874,1
107150,1
22912,1
68540,1
8035,1
70903,1
53466,1
98722,1
47574,1
70619,1
72018,1
97381,1
68394,1
9232,1
24707,1
89046,1
66384,1
9342,1
65295,1
11185,1
10824,1
14728,1
26967,1
24076,1
46861,1
18274,1
108024,1
31127,1
110365,1
64538,1
100508,1
98970,1
1023,1
50025,1
32567,1
75295,1
64118,1
14888,1
16610,1
110275,1
55271,1
111649,1
93041,1
85897,1
4622,1
42749,1
33716,1
69559,1
3702,1
40488,1
60480,1
75637,1
88075,1
37219,1
24644,1
1698,1
33490,1
4242,1
68629,1
22921,1
30203,1
81197,1
43532,1
100518,1
82092,1
6582,1
85597,1
53975,1
92008,1
8248,1
110731,1
47568,1
30916,1
101161,1
64548,1
1998,1
27171,1
85318,1
25565,1
9162,1
90249,1
104887,1
51049,1
57519,1
18687,1
60550,1
47022,1
110978,1
22205,1
57789,1
95310,1
7767,1
78883,1
15048,1
83748,1
52038,1
30556,1
87306,1
72593,1
42542,1
41050,1
99099,1
7946,1
113307,1
21786,1
112693,1
51201,1
108674,1
105062,1
9222,1
60759,1
94066,1
44134,1
109621,1
73768,1
88983,1
101905,1
17050,1
53164,1
14315,1
49605,1
78605,1
26261,1
17533,1
28850,1
92297,1
46975,1
10359,1
54083,1
112149,1
106739,1
109474,1
89594,1
91713,1
42602,1
74080,1
90737,1
63681,1
64565,1
63370,1
86381,1
40163,1
103952,1
54517,1
100813,1
84010,1
70356,1
70331,1
88701,1
113907,1
17998,1
6877,1
7927,1
5638,1
26433,1
55855,1
42486,1
64302,1
103019,1
102866,1
113667,1
101048,1
69710,1
75148,1
13351,1
83623,1
79952,1
55236,1
100954,1
61103,1
12780,1
57220,1
109072,1
20139,1
102136,1
15387,1
26342,1
105077,1
85686,1
54969,1
19877,1
28480,1
100719,1
31886,1
113993,1
3663,1
64110,1
95690,1
7935,1
2027,1
29808,1
96144,1
91543,1
19919,1
74208,1
88282,1
41063,1
99783,1
12258,1
10904,1
23932,1
110443,1
25319,1
113564,1
98037,1
22996,1
54,1
91100,1
61101,1
53715,1
8261,1
77765,1
85539,1
13006,1
103501,1
113216,1
101079,1
68880,1
25459,1
38256,1
47891,1
83160,1
21654,1
38023,1
29988,1
90047,1
23074,1
11965,1
92819,1
110720,1
71216,1
11163,1
80362,1
104868,1
62702,1
36349,1
45334,1
104908,1
99411,1
58295,1
85048,1
31490,1
84043,1
61182,1
62570,1
3236,1
38957,1
62999,1
45518,1
14721,1
98944,1
56214,1
19767,1
27143,1
98289,1
90870,1
85584,1
25455,1
95138,1
41191,1
93955,1
108957,1
13608,1
20444,1
86572,1
111136,1
9753,1
37697,1
53263,1
61786,1
16483,1
28273,1
50583,1
107747,1
51845,1
67424,1
79724,1
105407,1
13759,1
15001,1
2901,1
47876,1
110048,1
31251,1
69188,1
2061,1
22790,1
33063,1
92882,1
73948,1
71628,1
14999,1
84274,1
34005,1
78475,1
7778,1
10846,1
7502,1
55991,1
82830,1
56600,1
79545,1
57019,1
92544,1
56165,1
79478,1
91670,1
41281,1
3809,1
81935,1
62416,1
97963,1
25782,1
3465,1
58791,1
36244,1
102863,1
41848,1
99997,1
52852,1
111236,1
3604,1
49037,1
62060,1
61694,1
64749,1
71514,1
86890,1
86483,1
81764,1
111346,1
74647,1
90995,1
8484,1
65770,1
27366,1
109934,1
52634,1
59339,1
47908,1
50457,1
93504,1
30439,1
62959,1
18656,1
24125,1
22815,1
79922,1
88850,1
55666,1
34794,1
75214,1
21722,1
78359,1
39541,1
68513,1
47685,1
77751,1
33294,1
73072,1
95634,1
99385,1
52596,1
76176,1
64674,1
16690,1
39740,1
15471,1
4686,1
8866,1
57825,1
75883,1
70979,1
71008,1
23909,1
45892,1
20172,1
252,1
78491,1
55458,1
112464,1
65927,1
99772,1
34360,1
77016,1
103763,1
18369,1
34702,1
34873,1
64157,1
24185,1
62122,1
31524,1
9398,1
27715,1
96377,1
67931,1
15592,1
37016,1
54773,1
20919,1
66364,1
13543,1
65438,1
25842,1
100374,1
12546,1
23229,1
51589,1
61111,1
15886,1
8093,1
78010,1
57263,1
112684,1
61914,1
109397,1
103213,1
10581,1
54415,1
84665,1
102765,1
56338,1
13153,1
102206,1
19393,1
23101,1
113465,1
66887,1
88380,1
12618,1
25089,1
74391,1
110938,1
13121,1
97567,1
86700,1
79394,1
26253,1
40776,1
72683,1
4642,1
101589,1
78597,1
40423,1
65603,1
34719,1
103463,1
97189,1
87732,1
2692,1
86251,1
85276,1
49798,1
84268,1
75395,1
87839,1
79902,1
42099,1
82462,1
91426,1
46356,1
94409,1
26540,1
64993,1
43322,1
98170,1
24883,1
12181,1
39853,1
70941,1
130,1
90508,1
1930,1
53575,1
28864,1
109718,1
30527,1
33076,1
13353,1
64819,1
16060,1
30070,1
97250,1
57037,1
80793,1
7636,1
4592,1
56593,1
101385,1
15204,1
74113,1
59903,1
35469,1
4494,1
91551,1
65505,1
40588,1
39593,1
113160,1
28153,1
72405,1
68117,1
51963,1
46686,1
162,1
4577,1
56812,1
62544,1
9129,1
9559,1
4046,1
85042,1
36791,1
79099,1
86676,1
22407,1
18334,1
88085,1
86586,1
61218,1
32175,1
58504,1
87577,1
42841,1
28213,1
2530,1
48979,1
48919,1
76911,1
89471,1
97306,1
69680,1
48565,1
94238,1
76782,1
104326,1
76954,1
83767,1
104902,1
98582,1
62626,1
14145,1
85151,1
112455,1
71427,1
6003,1
15259,1
14838,1
12721,1
26878,1
17381,1
65581,1
21837,1
98273,1
109236,1
56076,1
86383,1
46133,1
78903,1
24137,1
72361,1
57605,1
73377,1
101165,1
76512,1
109593,1
39211,1
78381,1
100928,1
88083,1
86589,1
18233,1
85247,1
98904,1
91872,1
96250,1
106916,1
43097,1
70935,1
74975,1
42193,1
65359,1
13737,1
10459,1
63796,1
67741,1
100117,1
104620,1
46523,1
106772,1
99010,1
112927,1
31811,1
41074,1
12360,1
73201,1
71661,1
20398,1
48541,1
92243,1
93039,1
49294,1
22544,1
79650,1
97546,1
96792,1
80114,1
111511,1
45508,1
73472,1
12772,1
80277,1
96904,1
31065,1
24481,1
1566,1
3766,1
13028,1
69525,1
2413,1
52684,1
8297,1
110549,1
89357,1
42593,1
25060,1
2330,1
77705,1
69426,1
60054,1
12530,1
108975,1
52015,1
64736,1
105676,1
79813,1
54818,1
87636,1
69729,1
68052,1
44412,1
52717,1
13479,1
16469,1
88766,1
9911,1
53258,1
59997,1
78703,1
1340,1
54634,1
89227,1
94008,1
33045,1
66945,1
36613,1
102299,1
24667,1
39678,1
44016,1
1907,1
19084,1
32617,1
46541,1
23772,1
1824,1
70957,1
93530,1
7371,1
1427,1
44373,1
87009,1
69998,1
7514,1
29349,1
10219,1
66535,1
46246,1
56655,1
108855,1
19493,1
113281,1
109922,1
26336,1
109948,1
18673,1
51867,1
1343,1
62727,1
24493,1
67683,1
74225,1
5846,1
6420,1
3162,1
62155,1
95748,1
105216,1
29004,1
220,1
2482,1
35000,1
55622,1
92647,1
3731,1
83458,1
104265,1
47254,1
112901,1
39723,1
90418,1
56099,1
48831,1
93956,1
54898,1
90309,1
103565,1
112211,1
91259,1
78319,1
7990,1
78933,1
13558,1
6658,1
105140,1
65419,1
4466,1
69220,1
7688,1
72997,1
33695,1
14610,1
34584,1
56086,1
62656,1
17182,1
1299,1
85180,1
31795,1
42023,1
56258,1
64957,1
52433,1
63952,1
111063,1
79366,1
56396,1
16271,1
52473,1
96816,1
112943,1
64071,1
77700,1
19702,1
99664,1
37663,1
83980,1
52887,1
26063,1
45595,1
6772,1
71962,1
15614,1
111576,1
20961,1
38344,1
20704,1
15938,1
82593,1
31964,1
23495,1
40362,1
4072,1
107890,1
101446,1
59998,1
13283,1
8773,1
9238,1
28750,1
92708,1
47361,1
19181,1
85398,1
71391,1
13115,1
53374,1
52267,1
110458,1
1961,1
108429,1
34365,1
4673,1
112168,1
70254,1
66304,1
48503,1
46397,1
33428,1
65479,1
56327,1
86877,1
31523,1
96019,1
31565,1
5614,1
81816,1
19067,1
36341,1
25199,1
278,1
20740,1
69915,1
36820,1
76411,1
63055,1
67510,1
53704,1
72001,1
53011,1
29107,1
36504,1
19320,1
37164,1
30435,1
6581,1
65188,1
75803,1
14221,1
37303,1
10566,1
6121,1
51604,1
60682,1
80437,1
79451,1
110505,1
78117,1
34606,1
53527,1
98960,1
1059,1
41693,1
61128,1
41514,1
90390,1
24237,1
83821,1
60648,1
18678,1
94010,1
99496,1
62967,1
63436,1
107853,1
28383,1
29448,1
49579,1
7710,1
65263,1
22267,1
9379,1
30870,1
41826,1
52168,1
83630,1
23647,1
73657,1
58590,1
20054,1
103301,1
80572,1
40410,1
108025,1
62042,1
13580,1
27683,1
41178,1
89161,1
15154,1
6365,1
102614,1
94244,1
68492,1
101999,1
86384,1
97181,1
90589,1
85336,1
60615,1
89814,1
30393,1
67819,1
84664,1
97701,1
106416,1
13373,1
49881,1
18017,1
69582,1
89386,1
6208,1
64223,1
1024,1
46021,1
21088,1
6158,1
8628,1
110610,1
97770,1
18167,1
26380,1
14685,1
14544,1
25691,1
93492,1
35158,1
40317,1
51106,1
65569,1
53088,1
10792,1
87734,1
77857,1
74386,1
36511,1
88237,1
25663,1
81045,1
52251,1
35017,1
90027,1
65406,1
79141,1
82781,1
38472,1
94253,1
99839,1
105614,1
97290,1
81234,1
114039,1
82410,1
12792,1
80085,1
49286,1
18493,1
90803,1
106378,1
18533,1
52756,1
73293,1
13263,1
5785,1
45833,1
4885,1
23049,1
65900,1
31030,1
4892,1
112529,1
88893,1
75357,1
72225,1
5036,1
79330,1
74376,1
17388,1
51677,1
7191,1
24530,1
59455,1
9365,1
41444,1
24280,1
105475,1
16320,1
91923,1
101634,1
28725,1
24819,1
23726,1
26660,1
6082,1
42163,1
93864,1
53987,1
59513,1
113553,1
62740,1
1020,1
92205,1
85293,1
4933,1
108621,1
108241,1
102769,1
43915,1
68821,1
102668,1
27960,1
62169,1
68029,1
75248,1
23586,1
91146,1
67249,1
6430,1
74024,1
40553,1
83769,1
21106,1
12566,1
57842,1
28252,1
16869,1
1521,1
8375,1
54219,1
96060,1
112817,1
49837,1
50921,1
62299,1
22565,1
103581,1
34819,1
17139,1
29181,1
43506,1
31029,1
79806,1
101937,1
83359,1
20622,1
7392,1
41825,1
100536,1
40780,1
43283,1
37875,1
43921,1
23040,1
61329,1
68316,1
61028,1
19429,1
40829,1
81644,1
30667,1
111480,1
110710,1
8022,1
76802,1
67698,1
98850,1
16047,1
42750,1
96185,1
100537,1
81574,1
14272,1
17781,1
74003,1
8897,1
82945,1
87607,1
73592,1
54813,1
65013,1
54991,1
33152,1
5526,1
15199,1
72725,1
20657,1
46416,1
22908,1
7714,1
76972,1
31737,1
76296,1
103231,1
47612,1
97433,1
108139,1
72094,1
30306,1
4719,1
72553,1
24134,1
66395,1
69556,1
78466,1
109885,1
8128,1
51459,1
90947,1
68247,1
99803,1
61778,1
3611,1
19961,1
72079,1
66984,1
64094,1
59873,1
64935,1
62584,1
105366,1
50858,1
23546,1
43884,1
95947,1
84628,1
11262,1
25366,1
104705,1
91081,1
48057,1
59012,1
77050,1
67225,1
71531,1
